symbol,clock,band,n,ic_absr_1bar,ic_park_1bar,ic_gk_1bar,ic_rv20_cc20,ic_park20,ic_gk20,ic_absr20,ic_ewma
BTCUSDT,H1,DESIGN,4054,0.26745706446146106,0.3980377820110764,0.3942479085272373,0.36265379089150906,0.38429817346582545,0.38204797647665306,0.37707857990085225,0.37743571793261665
BTCUSDT,H1,CONFIRM,7005,0.2513404456314848,0.37187743389230393,0.36835475187498723,0.3036095688888837,0.3202607398888558,0.31839773613842354,0.3127439501393959,0.3065440898036328
BTCUSDT,H4,DESIGN,1012,0.24359273239221932,0.3280858001411131,0.3225702688748811,0.29658369020358516,0.3144734834608651,0.310995876229454,0.30545455151548795,0.3389930080786027
BTCUSDT,H4,CONFIRM,1749,0.22929573392800368,0.3130959982550156,0.30779375540050813,0.1745754669319282,0.2051352302344737,0.20619208093302513,0.1979136836545282,0.2241396144548858
BTCUSDT,D1,DESIGN,167,0.24010327022375216,0.24266698960083277,0.22007018664907707,0.12950003607243346,0.09203478235117737,0.08530856565372387,0.10490973098835037,0.11048728704381257
BTCUSDT,D1,CONFIRM,289,0.20781479934773098,0.2758720120908404,0.25795549457105355,0.10299437219106711,0.0970222118578063,0.09512613341746799,0.11345773680785134,0.1831906494849461
ETHUSDT,H1,DESIGN,4054,0.21468798762769573,0.34464641350370745,0.3451433903533071,0.31088651587130717,0.32655336464696394,0.3237809977217595,0.32123870211108785,0.3333779142194058
ETHUSDT,H1,CONFIRM,7000,0.20665152459118658,0.3277609482953066,0.3290426532230711,0.2615939978339058,0.28743768090509497,0.2869056059454351,0.27399019180828255,0.27310725956772436
ETHUSDT,H4,DESIGN,1012,0.20211170820440066,0.2810871694179665,0.26851245986273353,0.2675065074124844,0.27573844648323287,0.27350850649863606,0.27243289530921827,0.2778491183169807
ETHUSDT,H4,CONFIRM,1748,0.1801673193896472,0.273237357390057,0.26836738579629804,0.22940375310881392,0.27612597616020185,0.27820299228878487,0.26155298112630027,0.2595681978785995
ETHUSDT,D1,DESIGN,167,0.22258495058076622,0.16773681552557534,0.15461933276304535,0.08035134550176756,0.10050455879794327,0.11547844241995728,0.05934396250791266,0.0740773186844899
ETHUSDT,D1,CONFIRM,288,0.20480832218109626,0.27137512106707823,0.2604755675584438,0.1642478368678892,0.1767772044363067,0.1701936414581368,0.16878618062105827,0.2010853839383673
SOLUSDT,H1,DESIGN,4070,0.23197365041939516,0.3370558564322598,0.3355700201189735,0.30821911226818943,0.3240763519530122,0.3229978602803889,0.30748334731717125,0.33168615199968104
SOLUSDT,H1,CONFIRM,7005,0.1975163427978963,0.32886244166515083,0.33065766673058533,0.30670154661623755,0.33829654368146606,0.33915063925827377,0.32037940319046226,0.32694969808994945
SOLUSDT,H4,DESIGN,1017,0.18583572479515897,0.289040386582117,0.2873166588299638,0.26809045087348565,0.27732600464792373,0.27636169204028543,0.2716732263067237,0.27869337249272796
SOLUSDT,H4,CONFIRM,1749,0.18671018970740677,0.2759789612679324,0.27215883547728914,0.28105365509501345,0.29963722477583316,0.2972600060794823,0.2902070835681927,0.3000100491097524
SOLUSDT,D1,DESIGN,168,0.2467086115174554,0.17520411417233162,0.14435794514099445,0.19677466706485597,0.19803011064756032,0.20589515690186833,0.19295120623979684,0.04413826615576962
SOLUSDT,D1,CONFIRM,289,0.07024917472059818,0.1392171777433083,0.14224585371674026,0.13716193373901286,0.13213624329551843,0.12819349754835838,0.14384681393282334,0.1441768086544963
AVAXUSDT,H1,DESIGN,3644,0.1594271484064245,0.25667199294019866,0.25387530148510973,0.23653338726361317,0.24374124886109866,0.23928920267166673,0.23330883946757286,0.25364747503903
AVAXUSDT,H1,CONFIRM,6483,0.2099759002607647,0.35569822803909373,0.35942962516639304,0.3275042569037695,0.3490805269318806,0.34845558872454874,0.33506830188246245,0.33522107298682424
AVAXUSDT,H4,DESIGN,924,0.14602511018423547,0.228592130710686,0.21715522636020781,0.16861468097834648,0.19129475998617113,0.19092607395901684,0.18116753457023801,0.1784245064684325
AVAXUSDT,H4,CONFIRM,1626,0.18881851712355027,0.287205813150019,0.29010307162253535,0.30448682259478504,0.3309647139543533,0.3297940108262622,0.3191690271178592,0.31420869374784727
AVAXUSDT,D1,DESIGN,151,-0.010641338445451376,0.09674982289113371,0.14231788079470198,0.03736493551760194,0.04218561671353956,0.05347163884729171,0.0362478020171873,0.028867201115371204
AVAXUSDT,D1,CONFIRM,272,0.14350417298332802,0.263546633527098,0.2700280509592426,0.20026321627146457,0.16656959382053532,0.16700753314926545,0.1577426339494125,0.20304267037499069
ORDIUSDT,H1,CONFIRM,2982,0.2085229925691066,0.3459254109795574,0.34959929653259114,0.3438163938176481,0.36679816653816916,0.3666655250645533,0.351136098637139,0.3500679102530468
ORDIUSDT,H4,CONFIRM,754,0.13171672448867902,0.25873035896641666,0.26702803440192674,0.27182246025375423,0.2896433999881004,0.28656287877571585,0.2911534917017603,0.2936867665805159
ORDIUSDT,D1,CONFIRM,123,0.24075531077891424,0.32371567502031445,0.30498123331312643,0.2703305774464408,0.3003520751093567,0.3068921369892244,0.32662968099861306,0.2183642671963473
1000BONKUSDT,H1,CONFIRM,3559,0.23003626741208216,0.37616952281490407,0.37979625222068747,0.3776805372894242,0.39185980623139677,0.386865748482843,0.3858120900483795,0.39481364131608915
1000BONKUSDT,H4,CONFIRM,853,0.15087837531426118,0.3092615866952325,0.3111302838230646,0.28627782146147257,0.31807731744426926,0.312737974857711,0.2934636261549937,0.2925702268201617
1000BONKUSDT,D1,CONFIRM,139,0.05929239228429551,0.21231112272917185,0.22246550612810043,0.2205775733697848,0.24880243211793893,0.2551952482732652,0.19421174076656256,0.22389541969652882
DOGEUSDT,H1,DESIGN,3694,0.2502154639921291,0.3488744762127719,0.346178995098974,0.31784736920622886,0.3350082703258346,0.3324070436931008,0.3316319561912553,0.3302985467364788
DOGEUSDT,H1,CONFIRM,6931,0.24058710582512421,0.3754206019658718,0.37312300066755527,0.344976236960647,0.3666643278632324,0.36564998660441267,0.3550332569776803,0.3591682670715631
DOGEUSDT,H4,DESIGN,923,0.16982737825615027,0.3025969649298085,0.30562812364871367,0.2973359171355499,0.30125747372209,0.29959302614427363,0.3015479518534603,0.28714697657947214
DOGEUSDT,H4,CONFIRM,1734,0.2128249512638282,0.3494837893796298,0.3511111202306579,0.32484265882347674,0.3506153415327793,0.3470700839884841,0.3487486032654073,0.33555008089468735
DOGEUSDT,D1,DESIGN,151,0.23921226908330426,0.24300104566050884,0.241111885674451,0.18639944231439526,0.25114660349694495,0.2518457837863221,0.20017427329600893,0.2025932380620425
DOGEUSDT,D1,CONFIRM,286,0.23891801110776542,0.35721433344759945,0.36030469662618764,0.19517635062964805,0.24884221005130472,0.2452669036229245,0.22440706165575552,0.189358034694195
XRPUSDT,H1,DESIGN,4043,0.21506671022001903,0.33234248179152637,0.32921372694701917,0.32226551441095147,0.33691105196676563,0.3334167077328411,0.3266670070455835,0.32458674146436034
XRPUSDT,H1,CONFIRM,7002,0.18892611699720535,0.32289780822189446,0.3242613606539748,0.3290732558776446,0.33763285516425073,0.33499136652538924,0.3305632800887057,0.3290092912823798
XRPUSDT,H4,DESIGN,1010,0.20244909602974112,0.291720795743849,0.2892474502157791,0.26793526748292706,0.28802245801278664,0.2910125318811945,0.26460770931821226,0.29276088701579006
XRPUSDT,H4,CONFIRM,1748,0.17676286220942153,0.2790816097192941,0.2762888769240452,0.2099771518158228,0.23124787301630165,0.22975043740214204,0.2166126310907452,0.2288085380940406
XRPUSDT,D1,DESIGN,167,0.1644723662436868,0.24527466921240235,0.23948503991486716,0.17453014014797194,0.08894754230962758,0.09532764423948623,0.05417811534345574,0.16968483623430264
XRPUSDT,D1,CONFIRM,289,0.18425657542066715,0.15225808376088773,0.12697321322037944,0.025908304498269898,0.026593567050912138,0.018870857853559946,0.03908451723922443,0.025043749751421866
LINKUSDT,H1,DESIGN,3939,0.1217244728254897,0.26513364162819647,0.26773277137071105,0.23642354787082778,0.25820797052345085,0.2560546881626059,0.24713561427219385,0.25248896314652036
LINKUSDT,H1,CONFIRM,6866,0.16104374899483498,0.30568775560179706,0.31176496162460116,0.29421069923311544,0.316683705053873,0.3147249828152204,0.30446931478394484,0.3042825705650838
LINKUSDT,H4,DESIGN,986,0.13162578898948787,0.26281006231090637,0.25499663749377915,0.2435144461957153,0.2475666905184586,0.24838514385597668,0.2340148165302136,0.25258225778268817
LINKUSDT,H4,CONFIRM,1726,0.15304921308092542,0.2602385284062408,0.2634454469304628,0.24437524824003298,0.2748676584300003,0.2734561608166258,0.2598548171126161,0.2725687603747912
LINKUSDT,D1,DESIGN,163,0.09273668401305689,0.1160046774291874,0.10538901912536507,0.0805387910729823,0.1147255043806768,0.13443051201671893,0.039619001687967205,0.06259109625861085
LINKUSDT,D1,CONFIRM,285,0.08035168246249327,0.2202105444865348,0.2326660298312198,0.12157569730177044,0.1321035467782596,0.1172390564984221,0.12399593280359197,0.11868777684166264
ADAUSDT,H1,DESIGN,3959,0.17801027730317587,0.27669261473454154,0.2714547568228627,0.2571346754661298,0.2682836842881205,0.2646340379977049,0.26016494332977197,0.2712891431106207
ADAUSDT,H1,CONFIRM,6896,0.21098312455303764,0.3489363103012245,0.3528422669636392,0.3407453441626905,0.36763282685855997,0.36669070008738724,0.3538320615876184,0.3509183871082722
ADAUSDT,H4,DESIGN,995,0.13287944846470334,0.21790001036604525,0.2199952788654905,0.24076062827886344,0.25588849158935667,0.2530257141844028,0.2451828008384888,0.24201605797967637
ADAUSDT,H4,CONFIRM,1723,0.1969086012783007,0.31160624780956603,0.3069991497397217,0.307246698320663,0.32340239955178224,0.32112318092813397,0.31553455360749955,0.3210483891665014
ADAUSDT,D1,DESIGN,165,0.1615567557748576,0.2150776053215078,0.20307749846392226,0.04415622579007828,0.09636084948859092,0.10086472000231365,0.09175286552977356,-0.017081185050623785
ADAUSDT,D1,CONFIRM,284,0.17589943604345057,0.3211173307279047,0.3263503655370946,0.18915778472209488,0.24462141631952955,0.23611215001483127,0.2216239569764893,0.1730065720714467
BIGTIMEUSDT,H1,CONFIRM,151,0.040962007668177064,0.22118856744510276,0.2502439874520739,0.28040432206343674,0.316222548042556,0.3149337604942265,0.2906711609001685,0.2937713489020564
BLURUSDT,H1,CONFIRM,4793,0.1558438428805503,0.27582922053786635,0.278633268941268,0.24245725758588582,0.2709550697107252,0.26984136022655586,0.2557227322929268,0.25980458146096647
BLURUSDT,H4,CONFIRM,1191,0.11575514806008373,0.21188727048764586,0.217286140969654,0.23234713708478527,0.2528149295245409,0.25349546500882447,0.23275389571274752,0.2572346974993057
BLURUSDT,D1,CONFIRM,215,0.1343079213552639,0.24444323697746867,0.2607017798063223,0.2435328068777319,0.20451991808046924,0.20170692251910527,0.24316075512594734,0.20638267043396363
1000PEPEUSDT,H1,CONFIRM,4041,0.1780785322097726,0.2914941313868947,0.2920890219860404,0.2889044596199988,0.31068831934221586,0.3092378822790455,0.29783163606508867,0.3093681765587867
1000PEPEUSDT,H4,CONFIRM,1008,0.15043983698530494,0.24563663322162974,0.25552694612292887,0.24122821376733183,0.23043291772916055,0.2261331847893503,0.23237414260743344,0.260371544004712
1000PEPEUSDT,D1,CONFIRM,165,0.13634760772580345,0.1362273929420565,0.12197793390858336,0.01834477599978629,0.06412038599095757,0.055818302758042296,0.09927602595124022,0.010178185023909386
1000LUNCUSDT,H1,DESIGN,1698,0.14067151416623266,0.22541838704443123,0.22109781712210372,0.20659458948476994,0.17709829850497089,0.1687134326283084,0.19974200364198388,0.19363964817014068
1000LUNCUSDT,H1,CONFIRM,3662,0.1831218695062101,0.27953224999967463,0.2789628060486382,0.2838756764339176,0.2900588044357428,0.28384610806770466,0.29721945817639894,0.3025197575084585
1000LUNCUSDT,H4,DESIGN,417,0.1658145339816039,0.11952539856348862,0.10317791465780038,0.1044785165895887,-0.007404336190614302,-0.006968070418149315,0.04830349098787614,0.1446136458041589
1000LUNCUSDT,H4,CONFIRM,856,0.15992156856105136,0.23168604491597788,0.22863604324465928,0.28013695008547895,0.2669809041788287,0.26676616761782246,0.2774862466946661,0.2857238900041195
1000LUNCUSDT,D1,CONFIRM,174,0.015036883189662275,0.1791055315988856,0.19727110525422784,0.11918341591927438,0.07648003325711712,0.08872102794065909,0.10717355803358031,0.16195458979733812
MATICUSDT,H1,DESIGN,13086,0.21846839014069244,0.3480947655992366,0.34966290270542616,0.3607639461830876,0.3739517935521688,0.3715045011440562,0.36600236660963703,0.37558434406838986
MATICUSDT,H1,CONFIRM,6961,0.1971382878199715,0.3218610897498741,0.32107491434406693,0.30680094902033234,0.32493201028254226,0.323163574027535,0.3183490617352103,0.3113869334981792
MATICUSDT,H4,DESIGN,3280,0.20272614534989,0.30794205625974685,0.302978350514431,0.31929007385601305,0.3300499694761744,0.32651090400516125,0.3261284434336101,0.3296789144094478
MATICUSDT,H4,CONFIRM,1739,0.16146819319025724,0.2655100800688932,0.26893118355536083,0.2413916816615576,0.2706369668559796,0.2712102078614659,0.257412915401869,0.2742476571589925
MATICUSDT,D1,DESIGN,545,0.13046209785700016,0.2216728333458466,0.23874438813662918,0.20333358352167305,0.22732106186021855,0.23165349902722263,0.2118451859954026,0.19204831044110388
MATICUSDT,D1,CONFIRM,283,0.12277378276122414,0.2100842783185845,0.20603925787640662,0.20262375697686608,0.16842149886844626,0.15966190348857684,0.18709963542447935,0.15008825980467422
INJUSDT,H1,DESIGN,2019,0.10342122818108114,0.19664518759397767,0.20496646737585672,0.20483647120425724,0.19301076252591515,0.18728393623327638,0.20579576972537025,0.2176063607831833
INJUSDT,H1,CONFIRM,6931,0.19284395039381855,0.322143280656097,0.3227946855182428,0.3231598028048795,0.34165111232483947,0.34096192757795113,0.32576907805503624,0.33751586368123176
INJUSDT,H4,DESIGN,488,0.08089922005633457,0.07352820455737379,0.06361558953878954,0.1406120709714817,0.12998859629771417,0.1314818897959288,0.09369787104330313,0.15707335493387042
INJUSDT,H4,CONFIRM,1733,0.1924400060493204,0.3243518598421223,0.32617061859942587,0.35568835204075605,0.3799845145327736,0.3821502221607973,0.3589732218209745,0.3673417890089671
INJUSDT,D1,CONFIRM,286,0.1211371427032531,0.26838245195112975,0.2656247475246191,0.3154778469284246,0.3141729890717066,0.3201925659360543,0.28115105809131247,0.32112457503985103
SEIUSDT,H1,CONFIRM,1431,0.20589474363476834,0.323661625237987,0.3192542690967166,0.2752610166110515,0.30267806016541987,0.30012386182985124,0.2854619305573572,0.3129740458140714
SEIUSDT,H4,CONFIRM,355,0.17275555829741351,0.24585310376829633,0.2320864436284437,0.2597447568672366,0.2759251643436063,0.2721681967441301,0.26151164482800077,0.2737541608439439
BNBUSDT,H1,DESIGN,3880,0.20301880670688519,0.325380274111142,0.32327624949925393,0.3029000405026416,0.313069656038092,0.3082522897428026,0.30445699983153046,0.31663358044747997
BNBUSDT,H1,CONFIRM,6453,0.1667687081941339,0.2987646444271938,0.3028381792924667,0.3048501695745733,0.32401772256735584,0.3215348530857131,0.3141781800662425,0.3090976797223876
BNBUSDT,H4,DESIGN,977,0.19869719711201358,0.30991579392178453,0.3072915238498173,0.2857754639769221,0.3015784207815721,0.29768794137827576,0.2976003519359174,0.30137341439395327
BNBUSDT,H4,CONFIRM,1634,0.1824790890268873,0.27741988796248823,0.28031827572902196,0.2614792444911823,0.27175805830876426,0.2697626890673158,0.2678694063116693,0.28199224115621535
BNBUSDT,D1,DESIGN,166,0.19920771818903268,0.25009214867089485,0.2464271894327446,-0.02022548550216107,0.016822945394373966,0.04182124534375024,0.002032504967925712,0.06421024325937393
BNBUSDT,D1,CONFIRM,265,0.11194146426707881,0.18772140075363078,0.16820637621274565,0.08213159897974318,0.10894058072302278,0.11083247283277685,0.0856848979934083,0.12240747314496349
WLDUSDT,H1,CONFIRM,2055,0.07133116297263072,0.21745280784814777,0.2361209918847837,0.22199690396127467,0.2545216400061989,0.2526171332956066,0.23324930848556186,0.24031669860176094
WLDUSDT,H4,CONFIRM,514,0.09840343491834894,0.24267777721876804,0.24969241907366654,0.2138590284668438,0.2565200370543105,0.26102914122845905,0.21644437132888325,0.23782430537433447
DYDXUSDT,H1,DESIGN,2466,0.13175381203320843,0.18052150721258697,0.18083580425079487,0.20787908548405348,0.1984677760522675,0.1927402164740661,0.21470795817723154,0.20507937397370943
DYDXUSDT,H1,CONFIRM,6351,0.1578078119857143,0.2952006496099242,0.30281978520289154,0.27947605477440973,0.3085873237615324,0.3090303922227665,0.2867887284358798,0.2972942915491484
DYDXUSDT,H4,DESIGN,603,-0.020154362235294723,0.08796912780980254,0.08680370780802198,0.07378059459903681,0.11418289234810128,0.10815509182269337,0.095472467788832,0.08715834061957367
DYDXUSDT,H4,CONFIRM,1605,0.12874002479459734,0.23052716720968403,0.23174168660556743,0.284305412645929,0.3109800054867883,0.31241603726280337,0.29390896230403507,0.29449503650919967
DYDXUSDT,D1,CONFIRM,265,0.17722632759423354,0.33604030488533715,0.3514547518023189,0.20537729400688687,0.20389260473617707,0.2119583332493657,0.1350654846712063,0.23902810198738705
GALAUSDT,H1,DESIGN,3350,0.15553576919770204,0.27475995226594757,0.2753308104768934,0.2821067767714041,0.29275054953081,0.2888568445523654,0.2878843404279074,0.29565654551207987
GALAUSDT,H1,CONFIRM,6827,0.16826916601452072,0.29362676254215525,0.29773174752186304,0.2948759000910675,0.3145621998699398,0.31293256435496475,0.3007326944020094,0.3053430473074302
GALAUSDT,H4,DESIGN,840,0.11608702034139542,0.23690933299046044,0.23682021802715858,0.264676180543782,0.27562089074445484,0.2730852390584653,0.2611882787244035,0.26363141453842653
GALAUSDT,H4,CONFIRM,1715,0.15082373167608346,0.26933668807101785,0.2752435405128943,0.2511179801170422,0.27275476506228913,0.2708355264827647,0.26148095215009814,0.2699944847748296
GALAUSDT,D1,DESIGN,145,0.1023893874980318,0.24574870099196972,0.25845929774838605,0.12898756101401354,0.1328503937007874,0.1479865016872891,0.11072515935508064,0.1889348134152102
GALAUSDT,D1,CONFIRM,286,0.17485903057148242,0.2888690627561247,0.29456115130056076,0.1764281931162547,0.15905225078460025,0.1657766754636045,0.12754404037933167,0.23306783075717605
OPUSDT,H1,DESIGN,3929,0.18169816502993583,0.2979397872403632,0.2949442963277426,0.3158975454716724,0.32719917795107484,0.32422042210158414,0.3218555223304338,0.3330333855279202
OPUSDT,H1,CONFIRM,6986,0.16660696200426264,0.2999047025955143,0.3040865037425801,0.27933872461365367,0.2991939097533544,0.2976482152555376,0.2845512595205424,0.2932229999604015
OPUSDT,H4,DESIGN,984,0.1693225579172686,0.27918427926076933,0.2838234697894966,0.26827178636930066,0.3060243311683572,0.30704414900514876,0.2826675048126214,0.2771927388653949
OPUSDT,H4,CONFIRM,1746,0.14214151624757912,0.26134023308549015,0.2586003648861289,0.23647697520415709,0.25277686793661464,0.25052519714452404,0.24686135978185195,0.2597803231003619
OPUSDT,D1,DESIGN,160,0.10268076878003046,0.1773936481893824,0.18986874487284658,0.07494726356498302,0.13727899310758163,0.1581317693394409,0.09311614367053382,0.09653697410055082
OPUSDT,D1,CONFIRM,288,0.055919426594167085,0.18593039798415784,0.2116699621024881,0.1686313693339603,0.10420635360989351,0.10623216014105431,0.06737625379915786,0.18220796209445045
