symbol,clock,band,n,n_dates,ic_ridge,ic_rv20,ic_ewma,ic_park,ic_gk,ic_absr
BTCUSDT,H1,DESIGN,2433,102,0.414454935580622,0.35186988389670737,0.37760486977528007,0.3922975794906227,0.38785256783812766,0.2623737901414072
BTCUSDT,H1,CONFIRM,7005,292,0.36549243640517437,0.3036095688888837,0.3065440898036328,0.37187743389230393,0.36835475187498723,0.2513404456314848
BTCUSDT,H4,DESIGN,608,102,0.30583978048426186,0.2401964356829792,0.28898639591222286,0.2580078798571722,0.248781406919137,0.198070344401509
BTCUSDT,H4,CONFIRM,1749,292,0.3035540779759077,0.1745754669319282,0.2241396144548858,0.3130959982550156,0.30779375540050813,0.22929573392800368
BTCUSDT,D1,DESIGN,101,101,0.24926033779848572,0.13435061153174138,0.06801397786837507,0.27341875364006984,0.24928363424577749,0.26428654630168896
BTCUSDT,D1,CONFIRM,289,289,0.2379961619536253,0.10299437219106711,0.1831906494849461,0.2758720120908404,0.25795549457105355,0.20781479934773098
ETHUSDT,H1,DESIGN,2433,102,0.30956671733423213,0.23277204945174362,0.25816828213793036,0.30076862601679305,0.295777520898809,0.19370201426160194
ETHUSDT,H1,CONFIRM,7000,292,0.3257064098645748,0.2615939978339058,0.27310725956772436,0.3277609482953066,0.3290426532230711,0.20665152459118658
ETHUSDT,H4,DESIGN,608,102,0.19794547844322344,0.17124350828415683,0.16891673573183996,0.196026963588248,0.17957535032764396,0.11453730851524446
ETHUSDT,H4,CONFIRM,1748,292,0.29241169759020624,0.22940375310881392,0.2595681978785995,0.273237357390057,0.26836738579629804,0.1801673193896472
ETHUSDT,D1,DESIGN,101,101,0.15984857309260336,0.028608037274315667,-0.022096680256260916,0.20295864880605707,0.18044263249854395,0.1927548048922539
ETHUSDT,D1,CONFIRM,288,288,0.2727179106936893,0.1642478368678892,0.2010853839383673,0.27137512106707823,0.2604755675584438,0.20480832218109626
SOLUSDT,H1,DESIGN,2442,102,0.2829042611097796,0.2543787824906721,0.28242964027498985,0.2927268763916388,0.29117318150913285,0.19414175213327028
SOLUSDT,H1,CONFIRM,7005,292,0.34302902572556476,0.30670154661623755,0.32694969808994945,0.32886244166515083,0.33065766673058533,0.1975163427978963
SOLUSDT,H4,DESIGN,611,103,0.2607904422761929,0.20904828663450759,0.2301232031520025,0.25027506342474215,0.24828076088623172,0.140650782051145
SOLUSDT,H4,CONFIRM,1749,292,0.3086404230660135,0.28105365509501345,0.3000100491097524,0.2759789612679324,0.27215883547728914,0.18671018970740677
SOLUSDT,D1,DESIGN,101,101,0.07715783343040186,0.15304601048340127,-0.1440768782760629,0.04680256260920209,0.033069306930693064,0.12469423412929526
SOLUSDT,D1,CONFIRM,289,289,0.13004862188283023,0.13716193373901286,0.1441768086544963,0.1392171777433083,0.14224585371674026,0.07024917472059818
AVAXUSDT,H1,DESIGN,2187,103,0.2540693149331211,0.2058360063204603,0.22001872789093713,0.2314068436749892,0.22817917090439233,0.14404937203143078
AVAXUSDT,H1,CONFIRM,6483,292,0.3705699077108809,0.3275042569037695,0.33522107298682424,0.35569822803909373,0.35942962516639304,0.2099759002607647
AVAXUSDT,H4,DESIGN,555,102,0.17346143820479665,0.09859685344518249,0.11052367111167344,0.20989972089555708,0.2093231064796064,0.10570406220003108
AVAXUSDT,H4,CONFIRM,1626,290,0.3170832822454935,0.30448682259478504,0.31420869374784727,0.287205813150019,0.29010307162253535,0.18881851712355027
AVAXUSDT,D1,DESIGN,91,91,0.08991877687529862,0.05163242554546903,-0.016372033763338113,0.05462653288740246,0.079296066252588,-0.023745819397993313
AVAXUSDT,D1,CONFIRM,272,272,0.18990988390814736,0.20026321627146457,0.20304267037499069,0.263546633527098,0.2700280509592426,0.14350417298332802
DOGEUSDT,H1,DESIGN,2217,93,0.24361783609041934,0.19441367270478616,0.20646696743665183,0.25750079797539277,0.2536660517042028,0.18572382616919783
DOGEUSDT,H1,CONFIRM,6931,292,0.3846825079341251,0.344976236960647,0.3591682670715631,0.3754206019658718,0.37312300066755527,0.24058710582512421
DOGEUSDT,H4,DESIGN,554,93,0.20160665260698754,0.16041672941261206,0.1485128112620137,0.2102581385394833,0.2136544740068934,0.10254288832105486
DOGEUSDT,H4,CONFIRM,1734,292,0.36708173912952746,0.32484265882347674,0.33555008089468735,0.3494837893796298,0.3511111202306579,0.2128249512638282
DOGEUSDT,D1,DESIGN,91,91,0.105303392259914,-0.0002707437490046186,0.027074374900461856,0.06192068800764454,0.08729096989966556,0.04448160535117057
DOGEUSDT,D1,CONFIRM,286,286,0.3736869515192094,0.19517635062964805,0.189358034694195,0.35721433344759945,0.36030469662618764,0.23891801110776542
XRPUSDT,H1,DESIGN,2426,102,0.2958913044697159,0.2658923339330007,0.2717825835085568,0.27067948094487954,0.26506314947038384,0.18317981598748823
XRPUSDT,H1,CONFIRM,7002,292,0.3509158068799034,0.3290732558776446,0.3290092912823798,0.32289780822189446,0.3242613606539748,0.18892611699720535
XRPUSDT,H4,DESIGN,606,102,0.1719764611669524,0.13061716610505214,0.16891479780445362,0.19758712281357657,0.19932690533932146,0.1362106874181378
XRPUSDT,H4,CONFIRM,1748,292,0.2573762251768437,0.2099771518158228,0.2288085380940406,0.2790816097192941,0.2762888769240452,0.17676286220942153
XRPUSDT,D1,DESIGN,101,101,0.11788619069994857,-0.06755406975587687,-0.027548129144348444,0.09667471367167861,0.08698336337649977,0.04799082117324126
XRPUSDT,D1,CONFIRM,289,289,0.1342739529889035,0.025908304498269898,0.025043749751421866,0.15225808376088773,0.12697321322037944,0.18425657542066715
LINKUSDT,H1,DESIGN,2364,103,0.2531865696730747,0.1824397076847783,0.20282934451066914,0.2536490804432574,0.2541362996603532,0.1231436124654822
LINKUSDT,H1,CONFIRM,6866,292,0.3323785917431335,0.29421069923311544,0.3042825705650838,0.30568775560179706,0.31176496162460116,0.16104374899483498
LINKUSDT,H4,DESIGN,592,103,0.1610969752879444,0.14522454307939386,0.14741980543370564,0.22915259864293636,0.21809045114232217,0.12386607325655453
LINKUSDT,H4,CONFIRM,1726,292,0.2859612664876285,0.24437524824003298,0.2725687603747912,0.2602385284062408,0.2634454469304628,0.15304921308092542
LINKUSDT,D1,DESIGN,98,98,0.026515948459983802,-0.05011826661311197,-0.058597759628687456,0.05829173281308774,0.061900299013701074,0.01401985348966203
LINKUSDT,D1,CONFIRM,285,285,0.22735232875846179,0.12157569730177044,0.11868777684166264,0.2202105444865348,0.2326660298312198,0.08035168246249327
ADAUSDT,H1,DESIGN,2376,103,0.2677870562761974,0.21310362186106266,0.2390448800974805,0.2566531671473925,0.24858066280393346,0.17785877892924398
ADAUSDT,H1,CONFIRM,6896,292,0.3772623075842805,0.3407453441626905,0.3509183871082722,0.3489363103012245,0.3528422669636392,0.21098312455303764
ADAUSDT,H4,DESIGN,597,103,0.2178143469113028,0.19946455005836514,0.1948915774092194,0.20396160881157577,0.2089987560813844,0.10941926427489605
ADAUSDT,H4,CONFIRM,1723,292,0.3406905444496529,0.307246698320663,0.3210483891665014,0.31160624780956603,0.3069991497397217,0.1969086012783007
ADAUSDT,D1,DESIGN,99,99,0.19860235003092144,-0.03156462585034013,-0.12017316017316017,0.2321830550401979,0.22243661100803958,0.21043973543618055
ADAUSDT,D1,CONFIRM,284,284,0.2229716030982248,0.18915778472209488,0.1730065720714467,0.3211173307279047,0.3263503655370946,0.17589943604345057
1000LUNCUSDT,H1,DESIGN,1019,64,0.2013555060403022,0.15425420371191836,0.1517207647547224,0.19777901727900232,0.18687554864600212,0.14567847580485066
1000LUNCUSDT,H1,CONFIRM,3662,276,0.3167616294428402,0.2838756764339176,0.3025197575084585,0.27953224999967463,0.2789628060486382,0.1831218695062101
1000LUNCUSDT,H4,DESIGN,251,61,0.09682831216061581,0.03157971223207701,0.06884034256309497,0.019959863236150358,-0.010948250789930674,0.15126046912841404
1000LUNCUSDT,H4,CONFIRM,856,223,0.27689161735799706,0.28013695008547895,0.2857238900041195,0.23168604491597788,0.22863604324465928,0.15992156856105136
1000LUNCUSDT,D1,DESIGN,53,53,0.03386550556361877,-0.05491049830672472,0.1569101757781003,-0.13618771165940977,-0.14997581035316884,0.06890156632520561
1000LUNCUSDT,D1,CONFIRM,174,174,0.17099699364847648,0.11918341591927438,0.16195458979733812,0.1791055315988856,0.19727110525422784,0.015036883189662275
MATICUSDT,H1,DESIGN,7852,329,0.40269572013228316,0.3690138825719674,0.38352991249071533,0.3691420127803962,0.3693000035340199,0.2356778224010076
MATICUSDT,H1,CONFIRM,6961,292,0.33821993783192367,0.30680094902033234,0.3113869334981792,0.3218610897498741,0.32107491434406693,0.1971382878199715
MATICUSDT,H4,DESIGN,1968,330,0.3547475260613576,0.3342588901695887,0.3445786207089516,0.31137118922858015,0.30478253776920194,0.20425532456543027
MATICUSDT,H4,CONFIRM,1739,292,0.29819517253508715,0.2413916816615576,0.2742476571589925,0.2655100800688932,0.26893118355536083,0.16146819319025724
MATICUSDT,D1,DESIGN,327,327,0.25695351351518414,0.23032700305641776,0.21365574757461397,0.2933976573962888,0.3042568903654713,0.19506002110140044
MATICUSDT,D1,CONFIRM,283,283,0.19631903139761808,0.20262375697686608,0.15008825980467422,0.2100842783185845,0.20603925787640662,0.12277378276122414
INJUSDT,H1,DESIGN,1212,85,0.15972128049945533,0.13970555702603982,0.14273511197923772,0.1461127040337415,0.16271973272862436,0.07643796926461062
INJUSDT,H1,CONFIRM,6931,292,0.3561750449817207,0.3231598028048795,0.33751586368123176,0.322143280656097,0.3227946855182428,0.19284395039381855
INJUSDT,H4,DESIGN,293,65,-0.004244981923762071,0.017648781893420326,0.04812840092322871,-0.003297517987979708,-0.018065265285131308,0.049388823742129516
INJUSDT,H4,CONFIRM,1733,292,0.35678189099491914,0.35568835204075605,0.3673417890089671,0.3243518598421223,0.32617061859942587,0.1924400060493204
INJUSDT,D1,DESIGN,41,41,0.04407665505226482,-0.02282229965156795,-0.07473867595818817,0.09634146341463416,0.02177700348432056,0.24320557491289202
INJUSDT,D1,CONFIRM,286,286,-0.2164503019445253,0.3154778469284246,0.32112457503985103,0.26838245195112975,0.2656247475246191,0.1211371427032531
BNBUSDT,H1,DESIGN,2328,99,0.3303549273603149,0.28434436606032043,0.3052986034216447,0.30901088170133834,0.30710608133698897,0.20373043339821573
BNBUSDT,H1,CONFIRM,6453,292,0.3263345546615591,0.3048501695745733,0.3090976797223876,0.2987646444271938,0.3028381792924667,0.1667687081941339
BNBUSDT,H4,DESIGN,587,100,0.25901776205388555,0.21996041756214874,0.22953910486057322,0.25081123567357494,0.2566758858982637,0.1099451815767015
BNBUSDT,H4,CONFIRM,1634,292,0.31418681983603547,0.2614792444911823,0.28199224115621535,0.27741988796248823,0.28031827572902196,0.1824790890268873
BNBUSDT,D1,DESIGN,100,100,0.17156915691569155,-0.1908190819081908,-0.03373537353735374,0.2438283828382838,0.22486648664866482,0.17864986498649862
BNBUSDT,D1,CONFIRM,265,265,0.17160402236424574,0.08213159897974318,0.12240747314496349,0.18772140075363078,0.16820637621274565,0.11194146426707881
DYDXUSDT,H1,DESIGN,1480,91,0.1785785539155977,0.1769714714927523,0.1771969975850201,0.1507909977192751,0.14687689919009067,0.1137770553628824
DYDXUSDT,H1,CONFIRM,6351,292,0.32701469704373554,0.27947605477440973,0.2972942915491484,0.2952006496099242,0.30281978520289154,0.1578078119857143
DYDXUSDT,H4,DESIGN,362,83,-0.005724786043657569,0.04945797864597228,0.07684957034863657,0.07605740602304917,0.07035652133179733,-0.016763910302958072
DYDXUSDT,H4,CONFIRM,1605,290,0.30120170308997246,0.284305412645929,0.29449503650919967,0.23052716720968403,0.23174168660556743,0.12874002479459734
DYDXUSDT,D1,DESIGN,65,65,-0.14488636363636365,0.1743444055944056,0.07268356643356642,-0.022727272727272728,-0.030244755244755242,0.11503496503496505
DYDXUSDT,D1,CONFIRM,265,265,0.3152245966545868,0.20537729400688687,0.23902810198738705,0.33604030488533715,0.3514547518023189,0.17722632759423354
GALAUSDT,H1,DESIGN,2010,99,0.29488558604382664,0.26449147199771555,0.27929252000967886,0.27891919323335745,0.2841227658348606,0.14120457558997632
GALAUSDT,H1,CONFIRM,6827,292,0.3257246142810153,0.2948759000910675,0.3053430473074302,0.29362676254215525,0.29773174752186304,0.16826916601452072
GALAUSDT,H4,DESIGN,504,96,0.2505453139462952,0.2370072994411443,0.23989989337897633,0.22241291637865807,0.22074512882402922,0.07142487233005206
GALAUSDT,H4,CONFIRM,1715,292,0.2885175484915379,0.2511179801170422,0.2699944847748296,0.26933668807101785,0.2752435405128943,0.15082373167608346
GALAUSDT,D1,DESIGN,87,87,0.09141940657578186,0.1501786104833418,0.26414303419114965,0.19078515710432306,0.19581541153313406,0.08657140774221768
GALAUSDT,D1,CONFIRM,286,286,0.2864875817379026,0.1764281931162547,0.23306783075717605,0.2888690627561247,0.29456115130056076,0.17485903057148242
OPUSDT,H1,DESIGN,2358,101,0.3248697859179248,0.28829144164429227,0.3099413648826773,0.2845335230612241,0.2853906739915249,0.165728009531779
OPUSDT,H1,CONFIRM,6986,292,0.3231050615441644,0.27933872461365367,0.2932229999604015,0.2999047025955143,0.3040865037425801,0.16660696200426264
OPUSDT,H4,DESIGN,591,102,0.2481401951184307,0.21867252690193328,0.23310069958418742,0.23426344300627844,0.24233765649797437,0.13795452207597395
OPUSDT,H4,CONFIRM,1746,292,0.2883169846694158,0.23647697520415709,0.2597803231003619,0.26134023308549015,0.2586003648861289,0.14214151624757912
OPUSDT,D1,DESIGN,96,96,0.09309549647314162,0.12392837764514379,0.1172680412371134,0.16007867607162235,0.19321758003255565,0.08946011937059142
OPUSDT,D1,CONFIRM,288,288,0.13502294748602456,0.1686313693339603,0.18220796209445045,0.18593039798415784,0.2116699621024881,0.055919426594167085
