symbol,clock,band,n,frac_high_markov,frac_high_hmm,agreement,markov_high_rv20pct,hmm_high_rv20pct,markov_high_absrpct,hmm_high_absrpct,markov_high_parkpct,hmm_high_parkpct,auc_rv20_for_markov,auc_rv20_for_hmm,auc_absr_for_markov,auc_absr_for_hmm,mean_runlen_markov_high,mean_runlen_markov_low,mean_runlen_hmm_high,mean_runlen_hmm_low,gap_markov,gap_hmm,medgap_markov,medgap_hmm,mean_y,ic_markov_state,ic_hmm_state,y_HH,y_HL,y_LH,y_LL,n_HH,n_HL,n_LH,n_LL
BTCUSDT,H1,DESIGN,2433,0.48746403616933826,0.12618166872174272,0.562268803945746,0.6545583527231318,0.7557056809799031,0.554431790536115,0.9146547673078236,0.5624497060860054,0.8881503110729104,0.8011551501005448,0.7923950714130311,0.6057999569962852,0.9742968244872694,19.129032258064516,19.793650793650794,1.9554140127388535,13.54140127388535,5.9050579477945995,22.327893182213653,3.273949934473606,13.953858188052726,24.97466454313521,0.10877659638929896,0.20187803145050198,43.840973865468385,24.513865696617515,45.96756959671717,20.172382146127227,214,972,93,1154
BTCUSDT,H1,CONFIRM,7005,0.49564596716630976,0.1480371163454675,0.5852962169878658,0.6856883414414325,0.7445880026458579,0.5666556064299035,0.909636249627453,0.5896684437054508,0.8822403339122007,0.8680291060846972,0.7870038469393823,0.6320188290522147,0.9807308861662716,21.042424242424243,21.283132530120483,1.9566037735849056,11.239171374764595,8.244351304128745,20.92351213269037,6.05977310295436,15.312631126461751,26.500225054214177,0.15623520511911443,0.21520807342140483,44.608450452273225,26.468026035014127,43.36330175896222,20.921192788115025,802,2670,235,3298
BTCUSDT,H4,DESIGN,608,0.4457236842105263,0.16447368421052633,0.6365131578947368,0.673795882695669,0.7248190789473683,0.5538757525733151,0.8767105263157896,0.5732454117304331,0.8548108552631578,0.8120709100266077,0.7680905511811024,0.595716491289542,0.9498818897637795,13.55,16.047619047619047,1.8867924528301887,9.407407407407407,11.375036811364204,33.7716917935649,2.9635849495790474,14.824709941569921,49.51266205222902,0.06986101257771006,0.1529617878709932,84.1251710445479,44.98558747534359,58.54368396429196,43.3126392792933,75,196,25,312
BTCUSDT,H4,CONFIRM,1749,0.4894225271583762,0.1783876500857633,0.5951972555746141,0.6730267763154378,0.6942501942501942,0.5668426016468691,0.8944616704050667,0.5867685406347019,0.8641384820630105,0.8383245596592396,0.7360776546580304,0.6303557785894444,0.9797588458861946,14.758620689655173,15.135593220338983,1.8571428571428572,8.553571428571429,13.772949107330867,33.00083000370691,8.097557925269566,18.734745798625333,54.225403242475664,0.11305079744893232,0.16512626419348878,86.51328426528534,51.97830136791378,66.82687745168461,45.52892020064384,230,626,82,811
BTCUSDT,D1,DESIGN,101,0.5841584158415841,0.0594059405940594,0.4752475247524752,0.7093472059070313,0.6749174917491749,0.5635173686860211,0.9603960396039604,0.6120154388320189,0.962046204620462,0.9915254237288136,0.6807017543859649,0.6408393866020985,0.9842105263157894,14.75,14.0,1.5,19.0,27.61083023256242,14.17122065795104,54.77432075162935,-32.98318045679261,150.57749307311116,0.16881303212101742,0.012929913477618467,NaN,161.8500582779043,NaN,134.4483942243866,6,53,0,42
BTCUSDT,D1,CONFIRM,289,0.4532871972318339,0.06920415224913495,0.5882352941176471,0.7252436672917932,0.6986159169550173,0.5452072162497689,0.9633217993079587,0.5694286695369662,0.9446366782006923,0.9088317711856218,0.7115241635687732,0.579524591747995,0.995910780669145,13.1,15.8,1.4285714285714286,17.933333333333334,5.48674663195149,118.07415526393612,18.444596564521902,96.68091078785301,150.537148147426,0.037409123254027864,0.16390989624511038,242.29878416170868,141.18733249699994,NaN,143.24604510113866,16,115,4,154
ETHUSDT,H1,DESIGN,2433,0.4763666255651459,0.0998766954377312,0.5832305795314426,0.6859102639256669,0.7594004928799649,0.5446515360585167,0.9038089100654749,0.5612792112479862,0.8931174404070235,0.8546465244357516,0.78795497679313,0.5848800527710919,0.9483867936937445,19.64406779661017,21.593220338983052,1.8549618320610688,16.717557251908396,5.624138048028016,17.651680822812818,3.956631031206136,14.527772531545686,32.79815451389579,0.06903161503862314,0.14694698742634152,48.72181952376334,33.13395576527185,48.548368422053116,29.381828227371777,194,965,49,1225
ETHUSDT,H1,CONFIRM,7000,0.49457142857142855,0.09557142857142857,0.5652857142857143,0.6755916893620534,0.7831499039077515,0.5545068498803334,0.9342758915225283,0.5717687959065776,0.9165082212257101,0.847270159845781,0.812991522248343,0.6077015119169966,0.9800870700770333,19.34078212290503,19.76536312849162,1.9005681818181819,17.93484419263456,6.5099498657037635,24.824458908852783,4.061186287125931,20.200750554744133,28.88215369286662,0.10272550567966374,0.19052739065751687,51.2927663910599,28.60788914437671,51.514003134846526,24.715716383880075,544,2918,125,3413
ETHUSDT,H4,DESIGN,608,0.4243421052631579,0.16447368421052633,0.6217105263157895,0.6656594247246022,0.6782730263157895,0.5408952978376173,0.890279605263158,0.5414562933496532,0.8558881578947368,0.7863455149501661,0.7123818897637795,0.5696124031007752,0.9661220472440945,13.578947368421053,17.5,1.5384615384615385,7.696969696969697,3.3760102075082443,13.996234757713935,0.7669033024576564,22.142838008923917,68.4310208722282,0.025653200670495497,0.10697971580704957,83.65178462284649,65.99429544725818,73.85583659901044,66.21223898127425,64,194,36,314
ETHUSDT,H4,CONFIRM,1748,0.4673913043478261,0.14244851258581237,0.6006864988558352,0.6808109425284782,0.7026021706965161,0.5591590599082987,0.9252708775605856,0.578278655235289,0.8919131905195151,0.8389447127172714,0.7359230115927352,0.6105370963691796,0.9955793822387616,15.415094339622641,17.566037735849058,1.456140350877193,8.76608187134503,11.96933603587906,29.837756195831957,9.568940708413184,22.60930999822497,59.70716218702,0.09221058787056301,0.1460843742560225,90.94359302635466,58.85542319869816,69.30350626494283,52.972618468896634,184,633,65,866
ETHUSDT,D1,DESIGN,101,0.5247524752475248,0.07920792079207921,0.5148514851485149,0.6936297403325237,0.7141089108910892,0.5458621333831496,0.8762376237623761,0.5787408929572203,0.8217821782178218,0.8970125786163522,0.7271505376344086,0.5860849056603774,0.9032258064516129,10.6,12.0,1.3333333333333333,13.285714285714286,-13.688501259746175,-43.80215365987192,7.4785312009273355,25.714790266588864,204.45632700514372,0.004760252871348967,-0.011317397733626779,NaN,198.6112186606893,NaN,217.44288138182677,6,47,2,46
ETHUSDT,D1,CONFIRM,288,0.5208333333333334,0.006944444444444444,0.4861111111111111,0.644236111111111,0.8975694444444444,0.553888888888889,0.8715277777777778,0.5742824074074074,0.7986111111111112,0.7973913043478261,0.8986013986013986,0.6088405797101449,0.8723776223776224,9.375,8.117647058823529,2.0,143.0,-6.356047899169937,-1.2048506094429001,7.017507033468263,64.12585063392984,164.86356729099128,-0.0005016107449914434,0.04325150162825966,NaN,161.79297286146294,NaN,168.1740089051423,2,148,0,138
SOLUSDT,H1,DESIGN,2442,0.45986895986895987,0.08026208026208026,0.6072891072891073,0.7092864336853651,0.8290607397750255,0.5729196978083887,0.9302250998679569,0.6164519980192286,0.9236010128867272,0.8870943677480376,0.8575540189361586,0.6346246414314523,0.967546613480655,20.418181818181818,23.553571428571427,2.10752688172043,23.893617021276597,26.20515956556681,71.76678328001937,16.540259872805933,57.09238053359378,71.55881941401869,0.1566679069820546,0.1860018528474043,143.97428197577833,74.59212365926318,65.46610710725042,59.43471675287212,180,943,16,1303
SOLUSDT,H1,CONFIRM,7005,0.4820842255531763,0.05638829407566024,0.5566024268379729,0.6592507953094968,0.8641686318091056,0.5617840761400387,0.95719368624581,0.5816655136766179,0.9432591548532242,0.8073461469523225,0.8858549570079856,0.6191558581480076,0.9844389972998334,18.65745856353591,20.044198895027623,1.747787610619469,29.11894273127753,16.89147164882928,57.100565591729094,11.790592758140761,46.9466239522004,62.11911085720131,0.12502672298359654,0.1576878143444062,119.90819668265132,65.50263413536243,95.00839234899682,53.262592099184324,333,3044,62,3566
SOLUSDT,H4,DESIGN,611,0.43044189852700493,0.12438625204582651,0.6513911620294599,0.6961099736765136,0.7775002153501592,0.5704573316821516,0.8979024894478423,0.606286521503737,0.8832156085795503,0.8428827411389362,0.815986227250369,0.6222684760281456,0.9534923757993113,18.785714285714285,23.2,2.054054054054054,14.078947368421053,28.88581419517513,112.96615274433839,39.566176252787685,69.25903908321152,147.62591865591165,0.13502636781721788,0.16372507551251256,204.60941229796782,151.31069474130888,449.74579147740616,122.98569876573727,63,200,13,335
SOLUSDT,H4,CONFIRM,1749,0.4648370497427101,0.0851915380217267,0.5951972555746141,0.6464822281155916,0.8476368087612864,0.5675933603246839,0.9349503647338269,0.597548625572019,0.9283502365685473,0.7731810010407797,0.8796979865771812,0.6257700718032821,0.9751426174496645,16.591836734693878,19.102040816326532,1.6931818181818181,17.97752808988764,45.296978967353894,83.68988846547549,23.513076471860515,64.49436385970563,125.57298427504651,0.1294971907681213,0.1587725215880501,207.81003408297718,139.07742019289913,169.3624014922194,102.95644648070092,127,686,22,914
SOLUSDT,D1,DESIGN,101,0.5643564356435643,0.1188118811881188,0.4752475247524752,0.6991488622546466,0.5858085808580858,0.5313531353135313,0.9372937293729374,0.5490706965433385,0.9232673267326731,0.9457735247208932,0.5917602996254682,0.5606060606060606,0.9906367041198502,28.5,22.0,1.3333333333333333,8.9,118.02103238747219,66.92083611698212,44.46769675464316,-48.67669674928686,425.3771226351256,0.0739691326985495,0.03148662889346343,NaN,460.86466556430094,NaN,364.21392884071315,8,49,4,40
SOLUSDT,D1,CONFIRM,289,0.45674740484429066,0.01384083044982699,0.5570934256055363,0.6994862115969382,0.9437716262975779,0.541076858550907,0.9948096885813149,0.5937139561707037,0.9835640138408304,0.8640223895000965,0.9482456140350877,0.5724281026828798,1.0,22.0,22.428571428571427,1.3333333333333333,71.25,82.47542494608803,76.20644941281842,13.532121150235952,-54.5752878897687,325.5968313156126,0.06569549534891132,-0.007100238714038416,NaN,369.4534855719954,NaN,287.9263950080568,4,128,0,157
AVAXUSDT,H1,DESIGN,2187,0.4842249657064472,0.13214449016918153,0.6012802926383173,0.708036543520753,0.7732053040695016,0.5660627460834972,0.8434924522540397,0.5890863817570821,0.8612950384704838,0.9029041849998996,0.8145416227608009,0.6276411575218157,0.8955310817068413,20.764705882352942,22.11764705882353,2.312,15.063492063492063,16.010843147419777,35.86812098703505,13.026854635905806,27.73988174522013,59.87843345266016,0.15245655759994667,0.1633461078037966,89.72973229421811,61.87673509257569,96.96633527202484,50.002205260042665,238,821,51,1077
AVAXUSDT,H1,CONFIRM,6483,0.47046120623168286,0.11260219034397656,0.5906216257905291,0.6612895770274336,0.8474165309059098,0.5598378862245014,0.9078929296643063,0.5766912201647183,0.9089548217783496,0.8044393614532049,0.8914134138472125,0.6128543595669801,0.9595636820812965,17.63005780346821,19.84393063583815,2.4414715719063547,19.176666666666666,17.1558778911756,61.62126450600947,7.979717260364069,44.61780265265447,56.513338848158426,0.11338226820182405,0.23118718432103014,113.01783490094226,54.86328356874475,105.05374952130695,45.54745018305393,563,2487,167,3266
AVAXUSDT,H4,DESIGN,555,0.46846846846846846,0.23063063063063063,0.618018018018018,0.6911503811503812,0.6600365990990991,0.5587214137214137,0.8291666666666666,0.5914067914067914,0.7998310810810811,0.8579269882659714,0.7068391393442623,0.608780964797914,0.9266686182669789,13.68421052631579,14.75,2.206896551724138,7.237288135593221,17.551493178841184,29.421454106317498,7.8989326234318895,15.166900839456162,125.71120099605106,0.06354383432843415,0.08053476720002228,156.24546165819473,124.19125794218581,130.97091743279853,115.37405044517375,88,172,40,255
AVAXUSDT,H4,CONFIRM,1626,0.4969249692496925,0.14698646986469865,0.5824108241082411,0.6396071572101859,0.7869981524083023,0.5604962825618355,0.9157377243228499,0.570744355339593,0.8910332617970531,0.776896378513157,0.8360915615111028,0.6196417548234041,0.9870148087591594,17.955555555555556,17.782608695652176,1.975206611570248,11.558333333333334,41.52950154770656,105.24661405059578,13.771230351486977,69.29066964052708,115.19856252106428,0.11401003789525482,0.22655678596205545,219.9458311456019,111.36459846618648,154.89227844760455,90.21264085313388,184,624,55,763
AVAXUSDT,D1,CONFIRM,272,0.4852941176470588,0.051470588235294115,0.5367647058823529,0.6689505347593584,0.8466386554621846,0.5796290106951872,0.9758403361344536,0.6220476827094474,0.9506302521008404,0.8246753246753247,0.8635105204872646,0.6511363636363636,0.9997231450719822,13.2,14.0,1.4,23.454545454545453,118.82852202118528,298.29131698677946,54.32301509734225,221.2010021848132,295.3194981214665,0.16423116994875372,0.15257496523653952,NaN,328.22099078155134,NaN,236.67894423445026,10,122,4,136
DOGEUSDT,H1,DESIGN,2217,0.467298150654037,0.09021199819576003,0.5931438881371223,0.7040097317499212,0.7844316644113668,0.5614173036365188,0.8868764095624718,0.5851393148416152,0.8952920613441587,0.8825483279335946,0.8123872087258305,0.6148705860814243,0.9249900842835895,21.142857142857142,24.604166666666668,2.0833333333333335,20.79381443298969,12.874034354069103,34.58419913038396,8.475192129030475,30.612260717475245,52.58282585560712,0.12946653234262262,0.17791009511821199,83.50421108367459,54.81647299552796,86.79453952467144,45.41044149257784,167,869,33,1148
DOGEUSDT,H1,CONFIRM,6931,0.48059443081806374,0.07776655605251767,0.5784158130139951,0.6567610889879444,0.8463133420364907,0.5604126683224498,0.9350979935002031,0.5738132115940977,0.9295900834330663,0.8016697521598453,0.8754376992576528,0.6161722789285834,0.9717090414502358,20.949685534591193,22.641509433962263,2.0730769230769233,24.490421455938698,15.601921287619284,54.16264681505319,8.75989651656306,39.19798174158939,45.1823191172086,0.1348491577437071,0.21134484041271726,94.87223318560581,46.386550150736625,97.03395684452084,36.59282441183798,474,2857,65,3535
DOGEUSDT,H4,DESIGN,554,0.4223826714801444,0.11552346570397112,0.628158844765343,0.6835678360949118,0.7228959837545127,0.5669914221358263,0.8659465252707581,0.5859406337745687,0.8676387635379061,0.8162393162393162,0.7509885204081632,0.6144163995726496,0.9127232142857142,10.636363636363637,14.545454545454545,2.0,14.848484848484848,6.300387429051767,32.91678813355445,16.689010065395465,42.251992376083905,103.86927772130231,0.06922605967934317,0.11698090647433171,128.6564391419116,102.33399264799203,144.0412045389378,98.65513694553032,46,188,18,302
DOGEUSDT,H4,CONFIRM,1734,0.4515570934256055,0.09573241061130335,0.6003460207612457,0.6713701332084182,0.7751229832826113,0.5629664982964112,0.9434120565306209,0.5984406233382091,0.9225656953071804,0.8119409158605648,0.8039306460536022,0.6142838149799968,0.9900360370051635,16.3125,19.408163265306122,1.5660377358490567,14.654205607476635,32.83234721940484,55.847235313842674,14.78784115594545,46.683134913863,91.05910049431272,0.128242880052519,0.14832848901866616,139.62987436005955,103.09293551898922,148.0612370863001,73.24387356498715,128,655,38,913
DOGEUSDT,D1,CONFIRM,286,0.5524475524475524,0.01048951048951049,0.458041958041958,0.698437638311056,0.9965034965034966,0.5831083473488535,0.7738927738927739,0.6131716384880942,0.9603729603729603,0.9394778481012658,1.0,0.6817889636075949,0.7750294464075382,15.8,11.636363636363637,1.5,94.33333333333333,100.6271220014059,11.869445207718172,92.56123424593088,109.47860790404218,226.30640959424022,0.20964939436640193,0.039283055787093776,NaN,271.9866657723381,NaN,170.71520233472228,3,155,0,128
XRPUSDT,H1,DESIGN,2426,0.4752679307502061,0.06141797197032152,0.5704863973619126,0.7201061212407648,0.8012305172709518,0.5840607926989272,0.8817397655156387,0.615302815909463,0.9198047439096589,0.9190710527337749,0.8207225449711589,0.6598047785448528,0.9065000751607113,18.015625,19.890625,1.8395061728395061,28.11111111111111,13.174319442539591,17.593712063320773,14.448381765954643,13.84437892577806,41.119459539464344,0.19893433149914533,0.07773452144646924,59.760601852691764,46.54206613803169,43.07259899608281,34.73366631719186,130,1023,19,1254
XRPUSDT,H1,CONFIRM,7002,0.4795772636389603,0.10411311053984576,0.5885461296772351,0.6750212097998376,0.8251589101134734,0.5733265353096596,0.8957509298734556,0.5927125347833062,0.9038505165484757,0.8361686363936508,0.8628666807930082,0.6407608123595601,0.9416623642553701,19.988095238095237,21.69047619047619,2.2852664576802506,19.603125,16.619056611844073,43.16492464616822,11.105963002788211,26.24350162056865,44.37360463933408,0.17354742836394105,0.1960433264833328,87.34732687222808,45.50970952032041,62.452369387487316,35.47052112261444,603,2755,126,3518
XRPUSDT,H4,DESIGN,606,0.4174917491749175,0.08415841584158416,0.6138613861386139,0.675191432186697,0.8023684721413318,0.5467851132939381,0.8174140943506115,0.5498017193023651,0.8560635475312237,0.799337132875746,0.8292527821939587,0.578900222821888,0.8456809750927398,13.31578947368421,17.65,2.3181818181818183,24.130434782608695,6.596619241923236,33.61667675388705,3.0803707812365744,16.734629960384325,79.87283124420117,0.045859668384790345,0.10157501276334924,111.15338115554083,79.31023854926525,109.58194550773842,75.5775200643274,35,218,16,337
XRPUSDT,H4,CONFIRM,1748,0.4765446224256293,0.13443935926773457,0.5983981693363845,0.6688796800184604,0.7920030186474514,0.5662952824150255,0.8318771605238814,0.5974590064858896,0.8664540630020937,0.8220783395325343,0.8370266203540943,0.6261029001764641,0.8830940360844314,16.66,17.941176470588236,2.7011494252873565,17.193181818181817,26.345117141673356,75.96513785130367,16.908345096597884,48.028414436362965,88.19112690830268,0.1302464343084694,0.19682958392566058,160.0955914051953,85.62030208756137,132.29314314219954,72.22266142323647,183,650,52,863
XRPUSDT,D1,DESIGN,101,0.37623762376237624,0.0,0.6237623762376238,0.7384054194893173,NaN,0.5294424179260031,NaN,0.5620114643043251,NaN,0.8742690058479532,NaN,0.539264828738513,NaN,9.5,15.75,NaN,101.0,17.08180090781073,NaN,16.825675498496906,NaN,200.4674398530751,0.061339153999821774,NaN,NaN,211.12242457774906,NaN,194.04062366993833,0,38,0,63
XRPUSDT,D1,CONFIRM,289,0.5397923875432526,0.07612456747404844,0.5363321799307958,0.6911986514062639,0.8823529411764706,0.5459253837281519,0.8324944951242531,0.5812926980747051,0.889273356401384,0.9117023327549644,0.9119850187265918,0.5960333526123,0.8580183861082737,13.0,10.23076923076923,3.142857142857143,33.375,-51.61031658187417,151.84559720043165,-7.06887172603254,197.03952753482855,235.29900267742377,0.013148140839596083,0.18267169217836104,375.585419468134,184.61595029927835,NaN,263.15785868701676,22,134,0,133
LINKUSDT,H1,DESIGN,2364,0.4877326565143824,0.08037225042301184,0.5740270727580372,0.6850458525761531,0.7978025647876037,0.5513354040001585,0.8166354973728738,0.5825693071704361,0.8838565321934279,0.8608161812469248,0.8235994770735486,0.5997992527302847,0.8440783421294727,17.208955223880597,17.808823529411764,2.4050632911392404,27.175,11.61976589375984,34.04521186785573,6.726204144567042,19.021642892512737,52.52517070556572,0.08453393615763102,0.1108587261892508,83.76623103736529,54.16440902165297,84.35230540102845,46.16407327883028,168,985,22,1189
LINKUSDT,H1,CONFIRM,6866,0.4962132245849112,0.10399067870667054,0.5681619574715991,0.649520003495143,0.8364371673516479,0.5512350089528841,0.8677149857904128,0.568712690438484,0.8984172608746382,0.796647685457546,0.8754027293622261,0.6015552389333628,0.9103106457147229,16.223809523809525,16.393364928909953,2.4878048780487805,21.36111111111111,9.5817919779387,38.53029235403554,5.785474132772308,32.22653970886668,52.83647357778241,0.08178633845951158,0.18217442829616215,86.51184575341313,51.76960805150653,90.96452261355974,46.32680845212912,578,2829,136,3323
LINKUSDT,H4,DESIGN,592,0.49324324324324326,0.11148648648648649,0.5844594594594594,0.6164672806368012,0.7580108517608519,0.5411363846723436,0.8416769041769041,0.5598765503517216,0.8328214578214579,0.728162100456621,0.7894342666205784,0.5795091324200913,0.8835983408226754,11.68,11.538461538461538,2.129032258064516,16.4375,-0.1628382976146554,30.38776190370453,-0.5646840367545707,14.392657165018804,102.84160064691154,0.001314737944379552,0.06191580824361133,120.78266812672211,98.48229791012639,NaN,100.24435787962776,56,236,10,290
LINKUSDT,H4,CONFIRM,1726,0.4942062572421784,0.14194669756662803,0.5805330243337196,0.651927828847541,0.7708562915316763,0.5552962823597174,0.9012225979615485,0.5699888200462141,0.8743207132215575,0.7998023282827672,0.8153261034325952,0.6087530164408617,0.9672587468478275,17.06,17.11764705882353,1.8014705882352942,10.81021897810219,24.35923521668431,54.09093123826257,17.397446008526884,37.22137880525223,104.53772078781097,0.09867811608965266,0.14577641503389624,156.68572322523733,105.67574215233698,132.4598686924618,89.65541003561123,187,666,58,815
LINKUSDT,D1,CONFIRM,285,0.5228070175438596,0.07017543859649122,0.5473684210526316,0.7070528670669962,0.853157894736842,0.5480042387848817,0.8240350877192982,0.5992464382432591,0.8873684210526316,0.9302210817212792,0.8779245283018868,0.5969206474536123,0.8466037735849057,29.8,27.2,2.5,29.444444444444443,48.426148328693955,107.6792238160429,50.54463919050286,86.7524024952632,286.5629559163932,0.09482098603844966,0.10134428172808861,386.6857429734155,297.73139284030526,NaN,261.2454257375321,20,129,0,136
ADAUSDT,H1,DESIGN,2376,0.4861111111111111,0.1271043771043771,0.5972222222222222,0.689284621102803,0.7797037705978103,0.5596569956418441,0.8924795694249339,0.57867928928535,0.8822203826342899,0.8679281406554133,0.8201910120252639,0.6156797884070612,0.9493883591869057,18.934426229508198,20.016393442622952,2.1884057971014492,15.028985507246377,9.614942759006304,34.27904150456092,7.795366597548316,21.53201428991835,46.61677053033198,0.10956805605931737,0.17112363704255873,78.09683445110495,44.2265530384999,69.04822545910359,40.73712570023677,250,905,52,1169
ADAUSDT,H1,CONFIRM,6896,0.4989849187935035,0.12688515081206497,0.5756960556844548,0.6535773573888237,0.8098497679814386,0.5585552082469416,0.9060065462379847,0.5754623345746764,0.8966413655949619,0.8063876864119617,0.8547955489121408,0.6167284272274702,0.9649262818231428,19.116666666666667,19.194444444444443,2.1186440677966103,14.543478260869565,14.228842363784473,42.46921886783206,8.145811466995227,26.171565389464526,47.81693246447448,0.11575467560760958,0.19677125817694818,88.04359294631902,46.56889681125861,72.74978462375265,38.956371695063424,695,2746,180,3275
ADAUSDT,H4,DESIGN,597,0.4455611390284757,0.20435510887772193,0.6582914572864321,0.7078941071271142,0.7000439355246176,0.5716867545748795,0.8144135980448692,0.5985378017909094,0.8001757420984704,0.8734525134588738,0.7503710094909405,0.6277854757740272,0.8941156169111303,11.565217391304348,13.791666666666666,2.3461538461538463,8.962264150943396,13.865217968594166,26.161355844847023,11.643632051339125,21.004864630838625,93.17978765751181,0.08293376485031816,0.1108186720100701,123.89211736723712,88.69311082782593,83.64358298034439,87.33670983487274,92,174,30,301
ADAUSDT,H4,CONFIRM,1723,0.4706906558328497,0.1485780615206036,0.6117237376668602,0.6636118432493436,0.7822407320081253,0.5713237814639537,0.9015876650464307,0.5979258641159393,0.8824021510446894,0.808556146840591,0.8311525434560327,0.6342005213403422,0.9713262078220859,15.901960784313726,17.88235294117647,2.064516129032258,11.830645161290322,33.92915315341594,87.8440956047149,20.336441510852012,51.7017789696117,96.35657064362178,0.14387669300898792,0.2177436843261467,181.49284513091803,92.47200334933213,135.0361015022955,76.74312421343336,199,612,57,855
ADAUSDT,D1,CONFIRM,284,0.4964788732394366,0.17253521126760563,0.5774647887323944,0.6880431525322147,0.6813020983041104,0.5627060233742883,0.8938631790744467,0.6068075117370891,0.8542684679505604,0.8699598274066359,0.7169778549717759,0.621038535932153,0.9738601823708206,20.142857142857142,23.833333333333332,1.96,9.4,64.56023844823844,91.35347728616466,49.57923240885842,104.65012500430527,238.44932476523599,0.18713497541663363,0.1766988530380073,347.4769418436793,245.69067389067123,230.45153230810806,203.78590995405872,35,106,14,129
1000LUNCUSDT,H1,DESIGN,1019,0.49362119725220804,0.07360157016683022,0.55053974484789,0.7092850161055259,0.7528099443899247,0.5472786441312869,0.9489434085704941,0.5915049448158937,0.8988943408570494,0.9123283554487032,0.7723658192090396,0.5923971673832971,0.9840819209039549,20.12,20.64,1.5625,19.26530612244898,25.9268557902236,55.42671504736617,16.271501108400244,33.20251349407055,81.41933083881314,0.11506034170424304,0.11640485451534703,140.21669758457705,88.36278348637614,102.96597280921034,67.5930011837788,60,443,15,501
1000LUNCUSDT,H1,CONFIRM,3662,0.4666848716548334,0.1056799563080284,0.5909339158929546,0.6768454281458491,0.8109447259867032,0.565002593331989,0.9345872900957807,0.5836282456196977,0.8953297854775,0.831340480220225,0.8475357516223839,0.6216280065446717,0.9857889026964121,16.432692307692307,18.778846153846153,1.9545454545454546,16.457286432160803,29.03325747946141,108.57605361317707,16.723359594860156,62.45583542909604,89.71144271629916,0.12589246229558226,0.22481621769006735,184.84330281235646,88.30542637333647,193.50630183707332,70.62517422955823,299,1410,88,1865
1000LUNCUSDT,H4,DESIGN,251,0.3944223107569721,0.00796812749003984,0.6135458167330677,0.7500905469032959,0.9322709163346614,0.5812306330234617,0.9960159362549801,0.6011308302144955,0.9940239043824701,0.909688995215311,0.9337349397590361,0.6308479532163743,0.9979919678714859,12.375,19.0,2.0,124.5,21.829526965739205,215.741796089986,3.655827055536463,251.45479918475326,144.52028152670928,0.06283561422899069,0.05751622258415023,NaN,153.5994825505574,NaN,135.91022905815078,2,97,0,152
1000LUNCUSDT,H4,CONFIRM,856,0.45210280373831774,0.0689252336448598,0.602803738317757,0.6806098915694656,0.8466953112624742,0.5805123886111715,0.9605377791858071,0.6146278586780651,0.9148384286393157,0.8285758362120736,0.8717329817323437,0.645881886249814,0.9940029347340663,14.884615384615385,18.03846153846154,1.475,19.4390243902439,88.1442582865181,180.19774339653569,45.800405963857244,134.67884919097673,186.15620699737713,0.18854017519711225,0.1437083083695212,357.9751341113662,214.84893681742312,NaN,144.0779165051441,53,334,6,463
1000LUNCUSDT,D1,CONFIRM,174,0.5114942528735632,0.14367816091954022,0.5747126436781609,0.7444788841534288,0.7643678160919539,0.5603771148133798,0.9273563218390803,0.5757458349476947,0.893793103448276,0.994580304031725,0.8053691275167785,0.617713152676801,0.9957046979865772,17.8,17.0,1.7857142857142858,9.933333333333334,91.14833403537455,389.91086989384024,3.5246230927232887,173.59040614854607,422.91507093390595,0.05402021784732676,0.21056292383562034,842.0215198173621,358.86765338128066,NaN,373.8155957027467,20,69,5,80
MATICUSDT,H1,DESIGN,7852,0.48522669383596534,0.18008150789607744,0.6105450840550178,0.6383391963931151,0.8324551407545965,0.5565333672949567,0.777741875690371,0.5753479562189215,0.8414682409584382,0.7686143914098813,0.9053957386152675,0.6096981692231569,0.838665611668343,18.861386138613863,20.00990099009901,4.590909090909091,20.9025974025974,20.599611084797488,71.2229629498116,11.313616133203368,49.11773066684444,75.73333633854817,0.11275970652929829,0.2616338769134768,137.95028700744405,65.83996536646129,121.63193122057797,60.75242288139779,1083,2727,331,3711
MATICUSDT,H1,CONFIRM,6961,0.48944117224536704,0.07987358138198535,0.568309150984054,0.6602769499421216,0.8823739456933233,0.561653953868606,0.8361200997541286,0.5847600664307456,0.8989254365793387,0.8137838628438686,0.9154886863343049,0.6206170998535075,0.865219674377594,17.382653061224488,18.132653061224488,3.0217391304347827,34.62162162162162,12.929844129238951,44.25008496641109,9.52075664574059,33.1700568662374,50.25458420115334,0.1282091408986215,0.1790128932971614,92.12072847582105,51.086976149431585,83.81342365159448,43.04286220811092,479,2928,77,3477
MATICUSDT,H4,DESIGN,1968,0.4842479674796748,0.21747967479674796,0.6011178861788617,0.6097550311809519,0.8187756439480283,0.5493941895085268,0.7572135476027657,0.5564133694196334,0.8223384906162146,0.7123132033143974,0.9070457579803374,0.5952785861603751,0.8283741958975603,15.370967741935484,16.11111111111111,4.7555555555555555,16.923076923076923,23.104290671742774,119.79589408081898,13.136570238487792,84.61813306911367,152.12033585545495,0.06946009485902759,0.25340338756226055,254.74361576585156,122.76810909441771,225.50608662616546,128.50883700233496,298,655,130,885
MATICUSDT,H4,CONFIRM,1739,0.45313398504887864,0.10580793559516964,0.6239217941345601,0.6678425374288858,0.8605614171062832,0.5653206668165087,0.7822899217441308,0.5894856137052918,0.8518638897917342,0.8063913486738512,0.9029043757863834,0.6189197051460659,0.8153711729344331,18.761904761904763,22.11627906976744,3.2280701754385963,26.810344827586206,32.90516568045301,64.16669510909828,19.87317962378888,40.581656338737886,101.49955145660226,0.12969987596620922,0.13611450083990043,164.72244882339393,108.06138957796476,121.69921700691691,85.64120534600318,159,629,25,926
MATICUSDT,D1,DESIGN,327,0.4801223241590214,0.23547400611620795,0.7003058103975535,0.7064999318257076,0.7443107351364232,0.5844289916048228,0.7715159458278725,0.6413253082451936,0.8276341395607452,0.8942675159235669,0.8175584415584416,0.6594604720869239,0.8531428571428571,17.444444444444443,18.88888888888889,4.052631578947368,12.5,170.17792913559344,306.57382796996774,107.7742291278083,181.91003342730937,428.18844763742885,0.1820174660831933,0.2594877412818396,704.6038075791014,373.0627556113818,NaN,346.5651229771854,68,89,9,161
MATICUSDT,D1,CONFIRM,283,0.4664310954063604,0.024734982332155476,0.558303886925795,0.6780704572224007,0.8758202927814235,0.5966912945711531,0.7506309944472489,0.6216404325944962,0.8455325593134779,0.8304234396949629,0.8835403726708074,0.6779048765803732,0.755175983436853,13.2,13.727272727272727,2.3333333333333335,69.0,94.36896633975832,-8.262959636471777,87.344045753181,-16.927681754365665,260.9703560319529,0.192392776348089,0.012253383168220815,NaN,314.5937136320017,NaN,216.95373568973352,7,125,0,151
INJUSDT,H1,DESIGN,1212,0.49174917491749176,0.19554455445544555,0.6229372937293729,0.7037137019071035,0.7375332469955856,0.5589214122754557,0.7871496010360529,0.5691525738144284,0.771607065769868,0.9000016342717685,0.7947592772909229,0.6151181033731369,0.8564362220058422,16.10810810810811,16.64864864864865,2.9625,12.1875,21.577985810473166,58.161755593540235,21.003476180866954,37.31606405462661,123.15865770252533,0.10125247603544901,0.15069086452865776,156.57161188507516,123.78295660543817,221.26577674270567,103.15231172073227,188,408,49,567
INJUSDT,H1,CONFIRM,6931,0.48203722406579136,0.04963208772182946,0.5511470206319434,0.6232192288712731,0.886497887817792,0.5476123930973765,0.8957489606855616,0.5632500954052974,0.9337426560146024,0.7377527786369901,0.9066064764635063,0.5917831466735144,0.9163406780797978,16.0625,17.177033492822968,2.1635220125786163,41.16875,14.445160543668138,72.45693652365762,7.800023632008042,61.09075529084686,80.75012713926183,0.06704437793034067,0.12915684786873313,150.1939930429792,82.40931435520577,146.67482228996187,72.61107961719857,287,3054,57,3533
INJUSDT,H4,DESIGN,293,0.42662116040955633,0.5119453924914675,0.6006825938566553,0.724914675767918,0.6022525597269625,0.5337610921501705,0.6360637087599545,0.5798498293515357,0.6147440273037542,0.8892857142857142,0.706013986013986,0.5559047619047619,0.7752913752913753,7.352941176470588,9.333333333333334,4.838709677419355,4.46875,-31.358237157217985,-7.314829530402619,-17.27955565866523,3.9652868617173738,251.17878840403466,-0.09871911538920532,-0.01840546232133335,230.06518962405755,238.57999708919212,267.1290541124899,262.67414756692773,79,46,71,97
INJUSDT,H4,CONFIRM,1733,0.4800923254472014,0.2348528563185228,0.6058857472590883,0.6198677260419904,0.725445216501189,0.5624445159572107,0.8514427977786315,0.5782467181188691,0.8157014224527208,0.7300008537522411,0.7942658825011766,0.6195519935114829,0.9589369295251648,12.606060606060606,13.861538461538462,1.9757281553398058,6.46829268292683,32.80968090166908,66.82944097739042,15.757077522347004,59.73712296035936,160.68090170263133,0.08857570255325221,0.1878283090022176,224.0923198417614,154.478529562667,185.35771255176047,138.17368839087544,278,554,129,772
INJUSDT,D1,CONFIRM,286,0.2972027972027972,0.0034965034965034965,0.6993006993006993,0.5552858905800082,0.7202797202797203,0.56524064171123,1.0,0.5965034965034967,0.9895104895104895,0.5761779338601112,0.7192982456140351,0.590342405618964,1.0,9.444444444444445,22.333333333333332,1.0,142.5,40.888651735436156,-339.02611613235933,67.84821937201428,-212.57084054231657,404.7538990736096,0.07417901964082613,-0.07210591236567915,NaN,433.4903291394231,NaN,394.23011984629835,0,85,1,200
BNBUSDT,H1,DESIGN,2328,0.44544673539518903,0.07388316151202749,0.6164089347079038,0.696389101525349,0.8270448733317348,0.5605651462883615,0.9304610704866939,0.5922969956953544,0.9161771757372332,0.8537519971735186,0.852903740777495,0.6088270027570145,0.9645702096906416,20.74,25.82,2.072289156626506,25.666666666666668,14.167162784931527,31.754560613081324,8.433217252332703,29.43759484843822,37.50917501907553,0.121409896186075,0.17833855751867547,66.78156569393082,41.51611149430828,68.45294630289378,30.79003039391486,158,879,14,1277
BNBUSDT,H1,CONFIRM,6453,0.48303114830311483,0.05749263908259724,0.5639237563923757,0.6793452481184623,0.8642055367799428,0.563891440594042,0.9535864344422013,0.5871722140214669,0.948972311923287,0.8467670521907786,0.8863397449590547,0.6234386888948898,0.9811728479867684,18.77710843373494,19.976047904191617,1.845771144278607,30.10891089108911,9.959784552608692,36.86120347571888,6.158889508124933,26.753915833881425,32.486246306508356,0.13239214798919885,0.17292760765226267,69.51178136636699,33.77096247399269,44.593899702016536,27.501153491176414,337,2780,34,3302
BNBUSDT,H4,DESIGN,587,0.41737649063032367,0.19761499148211242,0.6507666098807495,0.7477314605569655,0.6710186218645362,0.5931683065048847,0.8564882805615932,0.6299134304488406,0.8268225342184105,0.9237379162191193,0.7120762866974156,0.6584496956677408,0.9432242477487371,12.894736842105264,17.1,2.0350877192982457,8.263157894736842,18.347647885959063,40.241857304658865,11.004518068292171,22.24827346573366,72.87143874750372,0.1338523348101724,0.16774300398479233,111.00558013532661,70.74288106336586,93.16393036924144,61.71976579807872,78,167,38,304
BNBUSDT,H4,CONFIRM,1634,0.4975520195838433,0.12729498164014688,0.5746634026927785,0.6644347288026123,0.7697809763675737,0.5640566166983579,0.9122081254119199,0.5914270250413641,0.8969126612371716,0.8266581569591579,0.8087812870859855,0.6268800385933214,0.9719832236487216,15.941176470588236,15.788461538461538,2.0594059405940595,13.980392156862745,16.50930686275818,54.48798318122359,10.74385754466833,39.76869165199848,63.98816367734284,0.1100248681416776,0.21002454097286835,116.46543237635402,61.20369505835569,93.69945179898475,53.574635119261565,163,650,45,776
BNBUSDT,D1,DESIGN,100,0.45,0.06,0.57,0.7135555555555555,0.6066666666666666,0.5006666666666667,0.9583333333333334,0.4735555555555555,0.9550000000000001,0.8791919191919192,0.6081560283687943,0.4921212121212121,0.9822695035460993,11.25,18.333333333333332,1.5,18.8,-39.44950811689398,65.46960327547336,-33.34175769088455,190.42456968911767,207.6164450690138,-0.16538204246677415,0.07877103405903473,NaN,185.39259115793337,NaN,217.8415289912899,4,41,2,53
BNBUSDT,D1,CONFIRM,265,0.4377358490566038,0.03773584905660377,0.5773584905660377,0.7416395575797009,0.7467924528301888,0.5719583604424203,0.9811320754716981,0.6172088484059857,0.9652830188679247,0.9264059245545013,0.7545098039215686,0.6246239296459153,0.9980392156862745,14.5,18.625,1.1111111111111112,25.5,34.37462776325705,4.946177593465819,23.997104164892875,22.822916561703877,154.8789402593275,0.11176148499959201,0.04090109904817984,NaN,172.99787763783553,NaN,141.02579321767482,7,109,3,146
DYDXUSDT,H1,DESIGN,1480,0.4837837837837838,0.0831081081081081,0.5587837837837838,0.6969604031405707,0.735277960887717,0.5711752604559867,0.9473769501208525,0.5697993733957422,0.8816111843550867,0.8808918804293778,0.7562353589637592,0.6372243265377753,0.9875592381568621,14.612244897959183,15.916666666666666,1.4642857142857142,16.154761904761905,11.474857416557995,50.87760024400764,14.723152613509981,39.546575298600175,111.27374242386301,0.100062485593694,0.11748402712846043,154.5198013123979,111.62582569358807,168.47292235426002,103.15765693124126,93,623,30,734
DYDXUSDT,H1,CONFIRM,6351,0.48811210832939694,0.0319634703196347,0.5344040308612817,0.6532472915111158,0.886702609960962,0.5506382535643357,0.9775722841056023,0.56850973430651,0.966429785309788,0.7992228693900636,0.8993897651044355,0.5987707008265447,0.9932598530180026,15.422885572139304,16.255,1.4926470588235294,44.87591240875913,11.465303328709211,80.43874963615319,7.938867988859791,57.93062569120211,75.27481848143992,0.07210191042544983,0.11801076675858234,151.30965760671393,76.99662158053387,163.71166466138408,68.80265138267595,173,2927,30,3221
DYDXUSDT,H4,DESIGN,362,0.4143646408839779,0.09668508287292818,0.6215469613259669,0.729060773480663,0.7023677979479085,0.5947790055248617,0.952486187845304,0.5894751381215471,0.8612865035516969,0.8887735849056604,0.7224989078200087,0.6594811320754717,0.999388379204893,8.823529411764707,12.470588235294118,1.1290322580645162,10.548387096774194,40.41262624126995,32.004117964851474,53.183305631487315,7.702708693533282,226.21564867985572,0.11204872164104587,0.013775354819900746,260.55180215458955,247.85050382946315,243.28612299407916,207.61945639278804,24,126,11,201
DYDXUSDT,H4,CONFIRM,1605,0.4685358255451713,0.027414330218068536,0.5538940809968848,0.6420287333465897,0.8514301897479469,0.560462235699609,0.9864769187199094,0.5744519288128853,0.9769612007929763,0.7666542989698436,0.8610156659484014,0.613179235988127,0.9998689651156019,15.666666666666666,18.148936170212767,1.1,38.073170731707314,36.677063680307185,102.99893530167762,30.845762090353503,63.728958549172376,144.3035361707056,0.10691370882162678,0.05291702910142496,256.7019011295329,158.57665347421502,NaN,127.14196701511571,40,712,4,849
DYDXUSDT,D1,CONFIRM,265,0.3584905660377358,0.052830188679245285,0.6415094339622641,0.6447666335650448,0.773854447439353,0.5569811320754717,0.9700808625336927,0.6217874875868918,0.9051212938005392,0.7227244582043344,0.7871371656232214,0.5858823529411765,0.9943084803642572,13.571428571428571,21.25,1.0,17.928571428571427,59.02987719488101,-5.681834600042976,50.21865008874528,50.03987902500893,373.6094591455025,0.07941067329676955,0.0374883118573499,NaN,424.86406280536795,NaN,346.4004907333364,7,88,7,163
GALAUSDT,H1,DESIGN,2010,0.4781094527363184,0.12935323383084577,0.5865671641791045,0.6748795046619142,0.7853846153846153,0.5583482172902396,0.8903865288939916,0.56121862073607,0.8755740528128587,0.8346118249479957,0.8274989010989011,0.6113249921385909,0.948101098901099,18.84313725490196,20.98,1.9402985074626866,12.962962962962964,20.53742945823923,56.12621183149081,14.563615421956392,30.960996536290594,92.80470696892931,0.10471727269602985,0.15656989796690426,144.71961820530532,93.03560682086372,132.52439257345085,79.71318609294457,195,766,65,984
GALAUSDT,H1,CONFIRM,6827,0.47912699575216056,0.06943020360333968,0.5674527610956496,0.6728575198455141,0.846526481165934,0.5598694189815941,0.8931856570986757,0.5790733172908458,0.9183034105707111,0.8317205534266945,0.8723022645867828,0.6147999222124138,0.9224427012454994,18.585227272727273,20.32,2.1944444444444446,29.276497695852534,17.089484921721038,55.775745040464486,11.824472511389175,46.02286456312442,67.63591663270577,0.12752605525756247,0.16072550057674442,119.07155852418799,70.67874556630612,121.91301724425658,58.04699736277222,396,2875,78,3478
GALAUSDT,H4,DESIGN,504,0.4107142857142857,0.14484126984126985,0.6468253968253969,0.6684015796334637,0.7733202870189171,0.5618961352657005,0.900956729723853,0.5427306188175753,0.8681506849315068,0.7840888758763155,0.8184534214791978,0.6033523642219294,0.9677081015796333,10.35,14.85,1.7804878048780488,10.512195121951219,30.385839118749516,113.56421284714992,13.675767489001998,36.25179778148025,181.9312396315836,0.05162903753183891,0.11832022971697896,283.84031740125545,172.3746165672515,267.934116058192,161.57271945120962,51,156,22,275
GALAUSDT,H4,CONFIRM,1715,0.46705539358600584,0.07988338192419825,0.5801749271137027,0.6630531078134839,0.7878572492604966,0.5675318388457576,0.9387797663382351,0.5962841637457551,0.9208827222234046,0.8054005250548412,0.8125318013192344,0.6261675094315913,0.9765572238720361,17.41304347826087,19.869565217391305,1.5568181818181819,17.730337078651687,40.127491143998185,94.86083923506126,31.27913943296923,59.69431830267433,135.72436589018182,0.1361611416475618,0.1295020894342197,220.44870540061387,147.133349564506,232.96803487161336,113.31715094576927,109,692,28,886
GALAUSDT,D1,CONFIRM,286,0.48951048951048953,0.17832167832167833,0.5909090909090909,0.7154845154845155,0.7216508981214864,0.5592907092907093,0.8410119292472232,0.5648726273726273,0.8256547374194432,0.9186888454011741,0.7676261994159366,0.6127201565557729,0.9128911138923654,11.666666666666666,11.23076923076923,2.3181818181818183,10.217391304347826,13.044254822085236,164.52778716370221,38.669097510579604,204.2061150662289,360.1999261148877,0.03041453965478134,0.20540129578034677,495.59849310669006,320.6126130812862,494.8347645888434,338.85794524465194,37,103,14,132
OPUSDT,H1,DESIGN,2358,0.498303647158609,0.179813401187447,0.5949957591178965,0.6372320574594409,0.7778487925488502,0.5436926353021854,0.7997943572263029,0.562014509230686,0.830095159793237,0.7731134332116328,0.8385043706464264,0.5866671462743476,0.8652611656357925,18.359375,18.484375,2.9859154929577465,13.524475524475525,17.50087154705382,56.45899910457868,12.918862553898954,35.281060533465244,91.55477331186054,0.07521796967800454,0.18583838765484192,146.06117785565237,83.07362766505462,111.97702294742774,80.08417711463262,322,853,102,1081
OPUSDT,H1,CONFIRM,6986,0.4836816490123103,0.07014028056112225,0.5615516747781277,0.6546520936855319,0.862248111383116,0.5560251480003087,0.8681231267199122,0.5705431494621594,0.9163344181073517,0.799389943578355,0.8894958907208204,0.6083703032797774,0.895814064542073,17.239795918367346,18.403061224489797,2.4019607843137254,31.68780487804878,12.160397557176346,55.90851146458168,8.553931646919644,45.98983334225426,67.15047833776671,0.10145122749747998,0.16037128649490143,115.60236413096014,67.7181538984206,135.51318741646378,59.43369761816173,403,2976,87,3520
OPUSDT,H4,DESIGN,591,0.4703891708967851,0.21996615905245348,0.61082910321489,0.6825524352091931,0.6958089288038528,0.5518417753107158,0.8538201223480412,0.5998977467771975,0.8080177014187166,0.8430942147240674,0.7499415985316202,0.5962891029029811,0.9525112631403304,16.352941176470587,17.38888888888889,2.0,6.984848484848484,26.10419545876266,59.62047593047956,39.938601861517185,52.95774905868855,184.9929592843245,0.08892057104740536,0.13281275855003696,228.86163304284463,184.67050422764876,237.2238515912553,162.98989111013063,89,189,41,272
OPUSDT,H4,CONFIRM,1746,0.4284077892325315,0.1156930126002291,0.6162657502863689,0.6502280231055246,0.7790196545427741,0.5567867884423373,0.8945964184047271,0.5858555230902108,0.8841170199494177,0.762322773890026,0.8151996870671523,0.5988474274752714,0.945897245164931,20.216216216216218,26.263157894736842,1.853211009174312,14.036363636363637,32.13376664023093,75.04320867312698,19.67755890779854,51.72272516615341,133.957175638561,0.10077583121708497,0.13173776059917586,206.48114105240305,139.85432704689222,186.40256381508132,115.80499905613841,140,608,62,936
OPUSDT,D1,CONFIRM,288,0.4027777777777778,0.1701388888888889,0.6423611111111112,0.6830399904214559,0.7231434240362813,0.5686063218390806,0.892077664399093,0.5900981800766284,0.8531746031746033,0.8035785886126704,0.7668004440269832,0.6119687249398557,0.9703697378533003,11.6,17.2,1.6333333333333333,7.966666666666667,82.0002848297188,110.65245726168592,80.94980781970128,41.947746821460214,341.04278429841366,0.10107837566451461,0.1104260745982013,417.9251364999419,379.8362500854768,458.6055324728658,290.4133883419988,31,85,18,154
