symbol,clock,status,slots,complete,frac_complete,origins,design,confirm,boundary_dropped,contig_design,contig_confirm
BTCUSDT,H1,OK,12504,12503,0.9999200255918106,11061,4054,7005,2,1.0,1.0
BTCUSDT,H4,OK,3126,3125,0.9996801023672425,2763,1012,1749,2,1.0,1.0
BTCUSDT,D1,OK,521,520,0.9980806142034548,458,167,289,2,1.0,1.0
ETHUSDT,H1,OK,12504,12498,0.9995201535508638,11056,4054,7000,2,1.0,0.9985714285714286
ETHUSDT,H4,OK,3126,3124,0.999360204734485,2762,1012,1748,2,1.0,0.9988558352402745
ETHUSDT,D1,OK,521,519,0.9961612284069098,457,167,288,2,1.0,0.9930555555555556
SOLUSDT,H1,OK,12528,12517,0.9991219667943806,11077,4070,7005,2,0.9960687960687961,1.0
SOLUSDT,H4,OK,3132,3130,0.9993614303959132,2768,1017,1749,2,0.9980334316617503,1.0
SOLUSDT,D1,OK,522,521,0.9980842911877394,459,168,289,2,1.0,1.0
AVAXUSDT,H1,OK,12504,11559,0.9244241842610365,10129,3644,6483,2,0.8863885839736553,0.9105352460280735
AVAXUSDT,H4,OK,3126,2912,0.9315419065898912,2552,924,1626,2,0.9166666666666666,0.9138991389913899
AVAXUSDT,D1,OK,521,487,0.9347408829174664,425,151,272,2,0.8741721854304636,0.8933823529411765
ORDIUSDT,H1,NO_DESIGN_HISTORY,5032,4386,0.8716216216216216,2982,0,2982,0,,0.8645204560697518
ORDIUSDT,H4,NO_DESIGN_HISTORY,1258,1107,0.8799682034976153,754,0,754,0,,0.870026525198939
ORDIUSDT,D1,NO_DESIGN_HISTORY,210,185,0.8809523809523809,123,0,123,0,,0.8536585365853658
1000BONKUSDT,H1,NO_DESIGN_HISTORY,8295,4865,0.5864978902953587,3559,0,3559,0,,0.7909525147513347
1000BONKUSDT,H4,NO_DESIGN_HISTORY,2074,1184,0.570877531340405,853,0,853,0,,0.7807737397420867
1000BONKUSDT,D1,NO_DESIGN_HISTORY,346,201,0.5809248554913294,139,0,139,0,,0.6618705035971223
TIAUSDT,H1,NO_DESIGN_HISTORY,1063,1060,0.9971777986829727,0,0,0,0,,
TIAUSDT,H4,NO_DESIGN_HISTORY,266,264,0.9924812030075187,0,0,0,0,,
TIAUSDT,D1,NO_DESIGN_HISTORY,45,43,0.9555555555555556,0,0,0,0,,
DOGEUSDT,H1,OK,12504,11884,0.9504158669225847,10627,3694,6931,2,0.9385489983757445,0.9802337325061319
DOGEUSDT,H4,OK,3126,2980,0.9532949456174025,2659,923,1734,2,0.9382448537378115,0.9838523644752019
DOGEUSDT,D1,OK,521,501,0.9616122840690979,439,151,286,2,0.9271523178807947,0.9790209790209791
XRPUSDT,H1,OK,12504,12469,0.9972008957133717,11047,4043,7002,2,0.9953005194162751,0.9991431019708654
XRPUSDT,H4,OK,3126,3118,0.9974408189379399,2760,1010,1748,2,0.996039603960396,0.9988558352402745
XRPUSDT,D1,OK,521,520,0.9980806142034548,458,167,289,2,1.0,1.0
LINKUSDT,H1,OK,12504,12196,0.9753678822776711,10807,3939,6866,2,0.9492256917999492,0.9641712787649286
LINKUSDT,H4,OK,3126,3065,0.9804862444017914,2714,986,1726,2,0.9563894523326572,0.973928157589803
LINKUSDT,D1,OK,521,512,0.982725527831094,450,163,285,2,0.9754601226993865,0.9824561403508771
ADAUSDT,H1,OK,12528,12283,0.9804438058748404,10857,3959,6896,2,0.9469563020964891,0.972592807424594
ADAUSDT,H4,OK,3132,3081,0.9837164750957854,2720,995,1723,2,0.9557788944723619,0.971561230412072
ADAUSDT,D1,OK,522,513,0.9827586206896551,451,165,284,2,0.9636363636363636,0.9647887323943662
BIGTIMEUSDT,H1,NO_DESIGN_HISTORY,1595,1591,0.9974921630094044,151,0,151,0,,1.0
BIGTIMEUSDT,H4,NO_DESIGN_HISTORY,399,397,0.9949874686716792,35,0,35,0,,1.0
BIGTIMEUSDT,D1,NO_DESIGN_HISTORY,67,65,0.9701492537313433,3,0,3,0,,1.0
BLURUSDT,H1,NO_DESIGN_HISTORY,7337,6222,0.8480305301894507,4793,0,4793,0,,0.8650114750678072
BLURUSDT,H4,NO_DESIGN_HISTORY,1835,1550,0.8446866485013624,1191,0,1191,0,,0.8413098236775819
BLURUSDT,D1,NO_DESIGN_HISTORY,306,277,0.9052287581699346,215,0,215,0,,0.827906976744186
1000PEPEUSDT,H1,NO_DESIGN_HISTORY,5485,5483,0.9996353691886964,4041,0,4041,0,,0.9995050730017322
1000PEPEUSDT,H4,NO_DESIGN_HISTORY,1372,1370,0.9985422740524781,1008,0,1008,0,,1.0
1000PEPEUSDT,D1,NO_DESIGN_HISTORY,229,227,0.9912663755458515,165,0,165,0,,1.0
1000LUNCUSDT,H1,OK,11151,6792,0.6090933548560667,5362,1698,3662,2,0.6625441696113075,0.7097214636810486
1000LUNCUSDT,H4,OK,2788,1634,0.5860832137733142,1275,417,856,2,0.6378896882494005,0.7021028037383178
1000LUNCUSDT,D1,OK,465,326,0.7010752688172043,264,88,174,2,0.7272727272727273,0.5977011494252874
MATICUSDT,H1,OK,21642,21457,0.9914518066722114,20049,13086,6961,2,0.9863976769066177,0.9886510558827755
MATICUSDT,H4,OK,5411,5378,0.9939013121419331,5021,3280,1739,2,0.9905487804878049,0.9890741805635422
MATICUSDT,D1,OK,902,892,0.9889135254988913,830,545,283,2,0.9926605504587156,0.9575971731448764
INJUSDT,H1,OK,11705,9797,0.8369927381460914,8952,2019,6931,2,0.828132738979693,0.981965084403405
INJUSDT,H4,OK,2927,2437,0.832593098735907,2223,488,1733,2,0.8299180327868853,0.983266012694749
INJUSDT,D1,OK,488,418,0.8565573770491803,356,68,286,2,0.7352941176470589,0.9790209790209791
SEIUSDT,H1,NO_DESIGN_HISTORY,2972,2647,0.8906460296096904,1431,0,1431,0,,0.9482879105520615
SEIUSDT,H4,NO_DESIGN_HISTORY,743,660,0.8882907133243607,355,0,355,0,,0.9408450704225352
SEIUSDT,D1,NO_DESIGN_HISTORY,124,116,0.9354838709677419,54,0,54,0,,0.9629629629629629
BNBUSDT,H1,OK,12504,11723,0.9375399872040947,10335,3880,6453,2,0.9394329896907216,0.9026809236014257
BNBUSDT,H4,OK,3126,2971,0.9504158669225847,2613,977,1634,2,0.9508700102354145,0.9069767441860465
BNBUSDT,D1,OK,521,495,0.9500959692898272,433,166,265,2,0.9879518072289156,0.8339622641509434
WLDUSDT,H1,NO_DESIGN_HISTORY,3517,3468,0.9860676713107762,2055,0,2055,0,,0.9819951338199513
WLDUSDT,H4,NO_DESIGN_HISTORY,880,870,0.9886363636363636,514,0,514,0,,0.9922178988326849
WLDUSDT,D1,NO_DESIGN_HISTORY,147,143,0.9727891156462585,81,0,81,0,,1.0
PYTHUSDT,H1,NO_DESIGN_HISTORY,641,639,0.9968798751950078,0,0,0,0,,
PYTHUSDT,H4,NO_DESIGN_HISTORY,161,159,0.9875776397515528,0,0,0,0,,
PYTHUSDT,D1,NO_DESIGN_HISTORY,27,25,0.9259259259259259,0,0,0,0,,
DYDXUSDT,H1,OK,12504,9698,0.7755918106206015,8819,2466,6351,2,0.7700729927007299,0.8923004251299008
DYDXUSDT,H4,OK,3126,2429,0.7770313499680103,2210,603,1605,2,0.7429519071310116,0.8940809968847352
DYDXUSDT,D1,OK,521,437,0.8387715930902111,375,108,265,2,0.7407407407407407,0.8490566037735849
GALAUSDT,H1,OK,12504,11526,0.9217850287907869,10179,3350,6827,2,0.8414925373134329,0.9660172843122894
GALAUSDT,H4,OK,3126,2898,0.927063339731286,2557,840,1715,2,0.8321428571428572,0.9731778425655977
GALAUSDT,D1,OK,521,495,0.9500959692898272,433,145,286,2,0.8275862068965517,0.9790209790209791
OPUSDT,H1,OK,12504,12355,0.9880838131797824,10917,3929,6986,2,0.9536777806057521,0.9948468365302032
OPUSDT,H4,OK,3126,3094,0.9897632757517595,2732,984,1746,2,0.9491869918699187,0.9965635738831615
OPUSDT,D1,OK,521,512,0.982725527831094,450,160,288,2,0.91875,0.9930555555555556
1000RATSUSDT,H1,NO_DESIGN_HISTORY,615,606,0.9853658536585366,0,0,0,0,,
1000RATSUSDT,H4,NO_DESIGN_HISTORY,154,148,0.961038961038961,0,0,0,0,,
1000RATSUSDT,D1,NO_DESIGN_HISTORY,26,22,0.8461538461538461,0,0,0,0,,
