symbol,clock,band,n_obs,live,shuf_p50,shuf_p95,shuf_sd,shuf_outside_c90,shuf_p,blk_p50,blk_p95,blk_retention,blk_p,blk_above_p95,unr_p50,unr_sd,layer,z_live
BTCUSDT,H1,DESIGN,2433,0.41445493558062196,-0.014784505752372435,0.24100501735112045,0.11582329915519418,true,0.004975124378109453,0.08164491745594818,0.11271680770068998,0.19699347370919698,0.0004997501249375312,true,-0.000799502243054129,0.020084552096227566,COLLAPSED_AS_EXPECTED,20.675314830728656
BTCUSDT,H1,CONFIRM,7005,0.36549243640517437,-0.010319622197167498,0.12211590393918537,0.08011570224187271,true,0.004975124378109453,0.10298772425381428,0.12066884284452248,0.2817779904469625,0.0004997501249375312,true,-0.00026819615732922794,0.011886628766741087,COLLAPSED_AS_EXPECTED,30.7707626560952
BTCUSDT,H4,DESIGN,608,0.3058397804842619,-0.004702612032478452,0.2707856033802342,0.13222939258574293,true,0.04975124378109453,0.08329605275416863,0.14072049144052334,0.2723519243385506,0.0004997501249375312,true,-0.0019819439730424464,0.03962320319299255,COLLAPSED_AS_EXPECTED,7.7687238701525105
BTCUSDT,H4,CONFIRM,1749,0.3035540779759077,-0.011037140917025203,0.16356512801131762,0.08763309071600373,true,0.004975124378109453,0.12211869370644898,0.15410289856941553,0.4022963371822704,0.0004997501249375312,true,0.00010459925636299713,0.023401854771031735,COLLAPSED_AS_EXPECTED,12.966898636392417
BTCUSDT,D1,DESIGN,101,0.24926033779848575,-0.027955736750145604,0.24527140361094896,0.14951601314493906,true,0.05472636815920398,0.03710541642399534,0.1795008736167734,0.14886209635964295,0.0079960019990005,true,-0.0026383226557949915,0.09920819584450283,LIVE_INSIDE_DESTROYED_NULL,2.5390912344490393
BTCUSDT,D1,CONFIRM,289,0.23799616195362527,-0.02471040647496321,0.14404754802529532,0.08723079032119375,true,0.004975124378109453,0.06320049317901602,0.15148341486696096,0.2655525730340599,0.001999000499750125,true,-0.001952829813466969,0.05992818150247359,COLLAPSED_AS_EXPECTED,4.0039424816718014
ETHUSDT,H1,DESIGN,2433,0.30956671733423213,-0.0206274681273857,0.16712603798309303,0.06975289156065091,true,0.004975124378109453,0.04382853503748338,0.07529790240782187,0.14158025583274414,0.0004997501249375312,true,-0.00015525596618696255,0.019637218490673243,COLLAPSED_AS_EXPECTED,15.772191639438269
ETHUSDT,H1,CONFIRM,7000,0.3257064098645748,-0.017601731432749963,0.13839189315967626,0.09114376710469928,true,0.004975124378109453,0.1255220700222304,0.14216726547722291,0.3853840950640828,0.0004997501249375312,true,0.0010199519863740966,0.011999375027796876,COLLAPSED_AS_EXPECTED,27.05861406332044
ETHUSDT,H4,DESIGN,608,0.1979454784432234,-0.01623599190302693,0.16298585365588653,0.08177884922680098,true,0.029850746268656716,0.04225722111641862,0.10784253613002535,0.21347909257012526,0.0009995002498750624,true,-0.001054894856424193,0.041561416457177376,COLLAPSED_AS_EXPECTED,4.788103733295201
ETHUSDT,H4,CONFIRM,1748,0.2924116975902062,-0.015496788200675501,0.20231245659971636,0.11287970089832122,true,0.004975124378109453,0.15793192300282224,0.18663379288883908,0.5401012486995387,0.0004997501249375312,true,0.0015639284597941806,0.023786855994455597,COLLAPSED_AS_EXPECTED,12.227247232597902
ETHUSDT,D1,DESIGN,101,0.1598485730926034,-0.0004251601630751311,0.13467676179382645,0.114030030017375,true,0.03980099502487562,0.05794991263832265,0.21184915550378564,0.36253005902499447,0.14742628685657172,false,-0.0015026208503203262,0.10121658608731218,LIVE_INSIDE_DESTROYED_NULL,1.5941181201639993
ETHUSDT,D1,CONFIRM,288,0.2727179106936892,0.0009542195644398362,0.11760596634636632,0.0817715972035176,true,0.004975124378109453,0.12342035092372672,0.21182458636252202,0.4525568218449347,0.0014992503748125937,true,-0.0002371106261729943,0.058806248721660064,COLLAPSED_AS_EXPECTED,4.641598932994427
SOLUSDT,H1,DESIGN,2442,0.2829042611097796,-0.005412579760921165,0.12630722107367867,0.06464046787569049,true,0.009950248756218905,0.09403900057200595,0.12264475787686344,0.3324057410910279,0.0004997501249375312,true,-0.0001173019073931248,0.021120996275449562,COLLAPSED_AS_EXPECTED,13.400010081254967
SOLUSDT,H1,CONFIRM,7005,0.34302902572556476,-0.004682097546416139,0.14811849318324113,0.06716812347408709,true,0.004975124378109453,0.142475403601189,0.1584182260969455,0.4153450376388099,0.0004997501249375312,true,-0.00008987024034243042,0.011450955127503217,COLLAPSED_AS_EXPECTED,29.96421627238717
SOLUSDT,H4,DESIGN,611,0.26079044227619286,-0.001433939961879406,0.1575402888405399,0.08485705302202028,true,0.01990049751243781,0.10150565668955754,0.1577941290681766,0.38922307046075294,0.0004997501249375312,true,-0.00003076317181989554,0.03910199758299029,COLLAPSED_AS_EXPECTED,6.670278286791984
SOLUSDT,H4,CONFIRM,1749,0.3086404230660135,-0.00033312754291003205,0.179081320548162,0.07851077124599082,true,0.004975124378109453,0.15203421385794375,0.1843075739583168,0.49259333028268276,0.0004997501249375312,true,-0.00006431564066437075,0.023978907826882,COLLAPSED_AS_EXPECTED,12.874011649546388
SOLUSDT,D1,DESIGN,101,0.07715783343040186,-0.014269073966220153,0.26044787419918447,0.15954407953735636,false,0.2935323383084577,0.13404193360512523,0.2589563191613279,1.737243357487923,0.7731134432783608,false,0.002143273150844496,0.09851717063177803,LIVE_INSIDE_DESTROYED_NULL,0.7614364054357081
SOLUSDT,D1,CONFIRM,289,0.1300486218828302,0.00011186015988545522,0.10750571729706067,0.06549203435629122,true,0.03980099502487562,0.09852046295191505,0.18149405401105673,0.7575663742187053,0.2773613193403298,false,-0.0037858449667899615,0.059450553937202624,LIVE_INSIDE_DESTROYED_NULL,2.251189568241685
AVAXUSDT,H1,DESIGN,2187,0.2540693149331212,-0.011989136528161887,0.12295063909660987,0.06228236440587167,true,0.004975124378109453,0.06925281775369874,0.10052540992066276,0.27257450500044916,0.0004997501249375312,true,-0.0006256524379891276,0.02103552769122046,COLLAPSED_AS_EXPECTED,12.107847785411707
AVAXUSDT,H1,CONFIRM,6483,0.3705699077108809,-0.03840065808169332,0.21665881923664626,0.09395116690077486,true,0.004975124378109453,0.1904556131556866,0.20498477365570417,0.5139532627789095,0.0004997501249375312,true,0.00023039232120814756,0.012476407547599913,COLLAPSED_AS_EXPECTED,29.683185161814865
AVAXUSDT,H4,DESIGN,555,0.17346143820479662,-0.008985589272462105,0.12115315021396683,0.06921159146033357,true,0.03482587064676617,0.05273415927472692,0.11827215238778829,0.3040108500222771,0.0004997501249375312,true,0.00021360249165962048,0.04273749435024418,COLLAPSED_AS_EXPECTED,4.053766800021751
AVAXUSDT,H4,CONFIRM,1626,0.3170832822454934,-0.02998523181737576,0.22645400076821542,0.09340416892636197,true,0.004975124378109453,0.18520697569980907,0.21555041044000248,0.5840956810722598,0.0004997501249375312,true,-0.0006765148936698923,0.024489586366700178,COLLAPSED_AS_EXPECTED,12.975302742198968
AVAXUSDT,D1,DESIGN,91,0.0899187768752986,-0.023514890906195247,0.19934702978181235,0.12631397016335105,false,0.21890547263681592,0.07490842490842489,0.23457636566332216,0.8330676585193056,0.43278360819590206,false,-0.0017916865742952696,0.1036877532728777,LIVE_INSIDE_DESTROYED_NULL,0.8844869384741813
AVAXUSDT,D1,CONFIRM,272,0.18990988390814745,-0.007975798891796289,0.11626034319489928,0.07510032379628885,true,0.009950248756218905,0.04195538561720459,0.13327193210522928,0.22092260157189553,0.004997501249375313,true,0.0014234192115676813,0.060206907200739554,COLLAPSED_AS_EXPECTED,3.130645194381692
DOGEUSDT,H1,DESIGN,2217,0.24361783609041934,-0.0009065629258992793,0.07624350622314323,0.048009719811716894,true,0.004975124378109453,0.02477413241217416,0.05734478808498496,0.10169260514644413,0.0004997501249375312,true,-0.0005218541354887595,0.021397582486335793,COLLAPSED_AS_EXPECTED,11.40968566808014
DOGEUSDT,H1,CONFIRM,6931,0.38468250793412506,-0.025225057911955673,0.18099808857726263,0.08423208977384941,true,0.004975124378109453,0.1651204062585876,0.17996102035141784,0.4292381453613265,0.0004997501249375312,true,0.0003791371946865409,0.012060525757715051,COLLAPSED_AS_EXPECTED,31.864561998352503
DOGEUSDT,H4,DESIGN,554,0.20160665260698754,-0.006994640097991127,0.15065324682411999,0.07058004277637979,true,0.029850746268656716,0.008111478226720276,0.06909530394965194,0.040234179387586035,0.0004997501249375312,true,-0.0006046724199383352,0.04378158093236696,COLLAPSED_AS_EXPECTED,4.618639179322886
DOGEUSDT,H4,CONFIRM,1734,0.3670817391295274,-0.021527509536406857,0.22065268094057447,0.10678290602396079,true,0.009950248756218905,0.2092899308064035,0.23802450736614522,0.5701453068809671,0.0004997501249375312,true,-0.00045956448450652104,0.024193511376902364,COLLAPSED_AS_EXPECTED,15.191730455667836
DOGEUSDT,D1,DESIGN,91,0.10530339225991397,0.005398948877209746,0.1774486383182035,0.11327318686816736,false,0.21890547263681592,0.08057015448319796,0.21841933428889942,0.7651240169388991,0.3953023488255872,false,-0.0018633540372670803,0.10561723270824884,LIVE_INSIDE_DESTROYED_NULL,1.0146710299938695
DOGEUSDT,D1,CONFIRM,286,0.37368695151920933,-0.022541902582899002,0.2345998077147271,0.10660083595684497,true,0.004975124378109453,0.2021166512712787,0.2830428343213721,0.5408715783347038,0.0009995002498750624,true,-0.0010835122622579385,0.05936390780973555,COLLAPSED_AS_EXPECTED,6.313102988142666
XRPUSDT,H1,DESIGN,2426,0.2958913044697159,-0.011956145396142434,0.109694269663327,0.06275038779601681,true,0.004975124378109453,0.07854885120710259,0.10811696806319328,0.265465223278104,0.0004997501249375312,true,-0.00011948408996565646,0.020121575800020823,COLLAPSED_AS_EXPECTED,14.71111365737942
XRPUSDT,H1,CONFIRM,7002,0.3509158068799035,-0.007708092292145067,0.09210819943318199,0.04885891302599521,true,0.004975124378109453,0.0680025568418681,0.08497039773002242,0.1937859609303411,0.0004997501249375312,true,0.0004485156696829028,0.011815421930792516,COLLAPSED_AS_EXPECTED,29.661851541404335
XRPUSDT,H4,DESIGN,606,0.17197646116695242,-0.00561756546418056,0.154103269634428,0.07721857942861078,true,0.04975124378109453,0.10190577146601912,0.15707253767517107,0.5925565090392828,0.01699150424787606,true,-0.002087508776655236,0.04005730989199947,COLLAPSED_AS_EXPECTED,4.345373426545874
XRPUSDT,H4,CONFIRM,1748,0.2573762251768438,-0.01051639594617293,0.13272641538552601,0.05667369639565513,true,0.004975124378109453,0.06371438905151869,0.09691124241820072,0.24755351434554762,0.0004997501249375312,true,0.00004286770339617359,0.023334631996709872,COLLAPSED_AS_EXPECTED,11.02795868003108
XRPUSDT,D1,DESIGN,101,0.11788619069994859,0.0036459046182583774,0.12567887501181713,0.09053157146176516,false,0.07462686567164178,0.037047283189682964,0.17546411026315006,0.314263129292031,0.15892053973013492,false,-0.0005299957192675916,0.09934243344825552,LIVE_INSIDE_DESTROYED_NULL,1.1920000578694863
XRPUSDT,D1,CONFIRM,289,0.13427395298890346,0.003817662967824046,0.10939985781330776,0.06248195069165522,true,0.024875621890547265,0.053485562582030785,0.14297282046692916,0.39833163015950596,0.06546726636681659,false,0.0009249592331861751,0.05966357468613398,LIVE_INSIDE_DESTROYED_NULL,2.2350151571911776
LINKUSDT,H1,DESIGN,2364,0.25318656967307474,-0.02742681241047869,0.14566840732919706,0.06570834908839165,true,0.004975124378109453,0.06551520418761955,0.09486287899965357,0.2587625570827693,0.0004997501249375312,true,-0.0009655354538422084,0.02052935441499408,COLLAPSED_AS_EXPECTED,12.379936552768127
LINKUSDT,H1,CONFIRM,6866,0.33237859174313356,-0.028048049479380062,0.17168140389278094,0.07299599700761993,true,0.004975124378109453,0.12952584299471798,0.14589524004234938,0.38969369933072345,0.0004997501249375312,true,0.00030443789609207127,0.011807100469216326,COLLAPSED_AS_EXPECTED,28.124953684677358
LINKUSDT,H4,DESIGN,592,0.16109697528794442,-0.023967863395050318,0.15175626699902303,0.08941485199290412,true,0.05472636815920398,0.05290830979677753,0.10965511433590756,0.32842522153013315,0.0009995002498750624,true,-0.0009674365898931789,0.04203321706405448,COLLAPSED_AS_EXPECTED,3.855627125348683
LINKUSDT,H4,CONFIRM,1726,0.28596126648762843,-0.0218264684241701,0.20206729200479367,0.08211112221884229,true,0.014925373134328358,0.14458075185841085,0.17423404937305417,0.5055955781503222,0.0004997501249375312,true,0.0002829299980911705,0.024160837076703166,COLLAPSED_AS_EXPECTED,11.824024787824905
LINKUSDT,D1,DESIGN,98,0.026515948459983806,-0.005361844831653373,0.14494832609707425,0.09837273706314892,false,0.34328358208955223,0.05431975976894975,0.2100223782108907,2.048569367636451,0.6071964017991005,false,-0.00011476005584989385,0.1003885853592017,LIVE_INSIDE_DESTROYED_NULL,0.2652762604487952
LINKUSDT,D1,CONFIRM,285,0.2273523287584618,-0.007888387654204899,0.13507054371673302,0.08297877096415131,true,0.004975124378109453,0.10786481411571655,0.190358656030972,0.4744390114882513,0.009995002498750625,true,-0.000980913209592352,0.05888121973704991,COLLAPSED_AS_EXPECTED,3.877861956456376
ADAUSDT,H1,DESIGN,2376,0.2677870562761975,-0.019985412016016398,0.14514052364672625,0.07089020487539269,true,0.004975124378109453,0.08675276655006622,0.1138452724391562,0.3239617618432939,0.0004997501249375312,true,-0.00002382014757294113,0.020658075616094073,COLLAPSED_AS_EXPECTED,12.963979869215272
ADAUSDT,H1,CONFIRM,6896,0.3772623075842805,-0.021821797197852422,0.1865419901778373,0.081373366627151,true,0.004975124378109453,0.165848414527692,0.18119862784353963,0.4396103485388384,0.0004997501249375312,true,-0.00002962437811992856,0.012138587162947847,COLLAPSED_AS_EXPECTED,31.082030132308688
ADAUSDT,H4,DESIGN,597,0.2178143469113028,-0.010369555738641456,0.16188479454229063,0.08431400679862794,true,0.01990049751243781,0.08206341837759146,0.139460596595171,0.37675855397628555,0.0004997501249375312,true,-0.000047909746947701734,0.04175906103922834,COLLAPSED_AS_EXPECTED,5.2171253672009374
ADAUSDT,H4,CONFIRM,1723,0.34069054444965297,-0.03454827126684902,0.2154804737930922,0.09386210366669029,true,0.009950248756218905,0.1845560246669376,0.21368002477686898,0.5417116138784156,0.0004997501249375312,true,0.002245559698646751,0.02412829176340194,COLLAPSED_AS_EXPECTED,14.026893742405889
ADAUSDT,D1,DESIGN,99,0.19860235003092144,-0.020321583178726035,0.2195299938157081,0.15004244787861296,false,0.06467661691542288,0.14816326530612245,0.2735163883735312,0.7460297689481223,0.25837081459270367,false,-0.0008101422387136672,0.10272396706215417,LIVE_INSIDE_DESTROYED_NULL,1.9412460205024848
ADAUSDT,D1,CONFIRM,284,0.22297160309822486,-0.02838616224031936,0.17620917994483545,0.09741726320762355,true,0.009950248756218905,0.11157590886587894,0.1937049037763872,0.5004041201458592,0.01249375312343828,true,-0.0020656578488973646,0.05906237440989232,COLLAPSED_AS_EXPECTED,3.8101627846074346
1000LUNCUSDT,H1,DESIGN,1019,0.20135550604030222,-0.005298614516347099,0.09848544991722905,0.05086710761476427,true,0.009950248756218905,0.02066444350574531,0.07025105018529354,0.1026266622260095,0.0004997501249375312,true,0.001263452955740874,0.031036416639572895,COLLAPSED_AS_EXPECTED,6.447008860856525
1000LUNCUSDT,H1,CONFIRM,3662,0.3167616294428402,-0.007290765192873063,0.1507448208447953,0.0655263677409279,true,0.004975124378109453,0.10943736873557863,0.13128849206127044,0.34548808493020666,0.0004997501249375312,true,-0.00024248440948542734,0.01619813680507546,COLLAPSED_AS_EXPECTED,19.570406008238972
1000LUNCUSDT,H4,DESIGN,251,0.0968283121606158,0.007221808320674794,0.11373501962439188,0.06859958494756223,false,0.12437810945273632,0.046379050267880056,0.13270358314945882,0.47898232689368714,0.1724137931034483,false,0.0016494089618017825,0.061969115949019715,LIVE_INSIDE_DESTROYED_NULL,1.5359086819491676
1000LUNCUSDT,H4,CONFIRM,856,0.2768916173579971,-0.013467380065133412,0.21622559606624828,0.08271234448074756,true,0.009950248756218905,0.11869115387986837,0.16269099047313718,0.4286556415552692,0.0004997501249375312,true,0.00018653270507298193,0.03503566960944703,COLLAPSED_AS_EXPECTED,7.897810652327686
1000LUNCUSDT,D1,DESIGN,53,0.03386550556361877,-0.0005644250927269792,0.23971940009675854,0.13162260116440402,false,0.39303482587064675,0.050878890501532006,0.18410337042412508,1.5023809523809524,0.5837081459270365,false,0.0006853733268827607,0.1416765748652828,LIVE_INSIDE_DESTROYED_NULL,0.2341963183983399
1000LUNCUSDT,D1,CONFIRM,174,0.1709969936484765,-0.0029351649734706622,0.1521901832001062,0.08919206676906215,true,0.04975124378109453,0.0811481426852506,0.1865552473335234,0.47455888524022355,0.0769615192403798,false,-0.005016091014033681,0.07560926585177132,LIVE_INSIDE_DESTROYED_NULL,2.327930084754112
MATICUSDT,H1,DESIGN,7852,0.4026957201322831,-0.04163621156555741,0.25837940694388256,0.11121315169243054,true,0.004975124378109453,0.23391300727502906,0.24634918278308385,0.5808678751246475,0.0004997501249375312,true,0.00010380531326319778,0.011367243655742734,COLLAPSED_AS_EXPECTED,35.416845720169846
MATICUSDT,H1,CONFIRM,6961,0.33821993783192367,-0.0032825964983322882,0.16094083283725347,0.07573128824824697,true,0.004975124378109453,0.1348634673062446,0.15084116166692196,0.3987448763983399,0.0004997501249375312,true,-0.0002577208416699651,0.011980298436607952,COLLAPSED_AS_EXPECTED,28.252857010582844
MATICUSDT,H4,DESIGN,1968,0.35474752606135757,-0.04147753254463772,0.2956852433982302,0.12774096631522536,true,0.009950248756218905,0.2503806238913251,0.2723411144424427,0.7057994925890447,0.0004997501249375312,true,-0.0010616853032548936,0.023069155933673965,COLLAPSED_AS_EXPECTED,15.423590372686284
MATICUSDT,H4,CONFIRM,1739,0.2981951725350872,0.002964309052238477,0.20987099702027437,0.0914610331894758,true,0.009950248756218905,0.1590261740830533,0.18849145040960516,0.5332956021088553,0.0004997501249375312,true,-0.0004034183990635147,0.023663227093416294,COLLAPSED_AS_EXPECTED,12.618675794107066
MATICUSDT,D1,DESIGN,327,0.2569535135151841,-0.03710479598248033,0.26607336962000827,0.13024852768147335,false,0.05970149253731343,0.1926251320124474,0.25093905690282436,0.7496497299347676,0.03398300849575212,true,-0.0007760517216808289,0.05487354836687472,COLLAPSED_AS_EXPECTED,4.696790583210169
MATICUSDT,D1,CONFIRM,283,0.19631903139761808,-0.003945748016404569,0.15547014891393318,0.08944678274353979,true,0.014925373134328358,0.14536818686723754,0.22356203229451138,0.7404691528495453,0.1504247876061969,false,-0.0012971596967717137,0.05950930223211054,COLLAPSED_AS_EXPECTED,3.3207613546468093
INJUSDT,H1,DESIGN,1212,0.15972128049945536,-0.00819840709736075,0.09757990358132165,0.05720815636256014,true,0.024875621890547265,0.01411634824706737,0.0592808768463526,0.08838113620755443,0.0004997501249375312,true,-0.0002866057547895242,0.02899011891225533,COLLAPSED_AS_EXPECTED,5.519393926549329
INJUSDT,H1,CONFIRM,6931,0.3561750449817206,-0.051435947815513305,0.22319736600753806,0.13094224490589404,true,0.004975124378109453,0.2067191311090592,0.21980661672065083,0.5803863409904766,0.0004997501249375312,true,-0.00014893744999373295,0.011973839056490217,COLLAPSED_AS_EXPECTED,29.75854116216594
INJUSDT,H4,DESIGN,293,-0.004244981923762072,-0.006825938566552902,0.10787940778256175,0.05933062412669021,false,0.48258706467661694,0.021194377044847584,0.09422624255649241,-4.992807372443245,0.7231384307846077,false,-0.0017890180056313518,0.05877646048187945,COLLAPSED_AS_EXPECTED,-0.041784821644506545
INJUSDT,H4,CONFIRM,1733,0.3567818909949191,-0.05088116147299385,0.31895037931742676,0.18740895746209688,true,0.024875621890547265,0.27897976980659756,0.3015610674646113,0.7819336598856989,0.0004997501249375312,true,0.0005599247072393967,0.023640710842982072,COLLAPSED_AS_EXPECTED,15.068158003101116
INJUSDT,D1,DESIGN,41,0.04407665505226481,-0.0031358885017421603,0.4836236933797909,0.21181005153034574,false,0.373134328358209,-0.030139372822299653,0.21693379790940764,-0.6837944664031621,0.3168415792103948,false,-0.0020905923344947735,0.1579739110744095,LIVE_INSIDE_DESTROYED_NULL,0.29224602387044596
INJUSDT,D1,CONFIRM,286,-0.2164503019445253,0.00912361066404712,0.27803490476147713,0.19173358971501642,false,0.8159203980099502,-0.2217043546953688,-0.15743229812549453,1.0242737141211755,0.4482758620689655,false,-0.0012493283353360374,0.05928671392468038,COLLAPSED_AS_EXPECTED,-3.6298347363725885
BNBUSDT,H1,DESIGN,2328,0.3303549273603149,-0.0124250126803189,0.15144803714026525,0.07061136282734302,true,0.004975124378109453,0.03360878232252582,0.06683255300765846,0.10173537471069427,0.0004997501249375312,true,-0.0006850431387202488,0.021112386121281544,COLLAPSED_AS_EXPECTED,15.679893717240365
BNBUSDT,H1,CONFIRM,6453,0.3263345546615591,-0.010559988646633503,0.1289873715257116,0.054532124309193464,true,0.004975124378109453,0.11003636806403252,0.12704418299698694,0.33718883425676766,0.0004997501249375312,true,-0.00008732738412120839,0.012508324745988848,COLLAPSED_AS_EXPECTED,26.096370910929284
BNBUSDT,H4,DESIGN,587,0.25901776205388555,-0.014517051339906838,0.17216244192845687,0.07866394644414046,true,0.014925373134328358,0.026886678334947487,0.08906535617347887,0.10380245015534507,0.0004997501249375312,true,0.000014328028160938922,0.041101536841865696,COLLAPSED_AS_EXPECTED,6.301551083654512
BNBUSDT,H4,CONFIRM,1634,0.3141868198360355,-0.017048724786424642,0.20141843519693242,0.07595058287243349,true,0.004975124378109453,0.14554427441566223,0.17754976430786404,0.4632411839924327,0.0004997501249375312,true,0.00007194554903587577,0.024180177337367263,COLLAPSED_AS_EXPECTED,12.990594316344268
BNBUSDT,D1,DESIGN,100,0.17156915691569158,-0.011557155715571558,0.19305130513051308,0.11913647198278918,false,0.07462686567164178,0.031677167716771676,0.18671887188718875,0.18463206491326242,0.07096451774112944,false,0.0038763876387638762,0.100989412149089,LIVE_INSIDE_DESTROYED_NULL,1.660498518689916
BNBUSDT,D1,CONFIRM,265,0.1716040223642457,0.004125022287179017,0.10547242531901434,0.05956161470310732,true,0.009950248756218905,0.08248932230533525,0.17105312199446393,0.4806957387644672,0.04997501249375312,true,0.0002501967558895511,0.06199368243866696,LIVE_INSIDE_DESTROYED_NULL,2.7640530271432726
DYDXUSDT,H1,DESIGN,1480,0.17857855391559774,-0.013298377366749298,0.11587816927644218,0.06994986278579912,true,0.009950248756218905,0.025645337367647493,0.06534594819977278,0.1436081590164984,0.0004997501249375312,true,0.0003821707915860668,0.026225805237546945,COLLAPSED_AS_EXPECTED,6.794696350024425
DYDXUSDT,H1,CONFIRM,6351,0.3270146970437356,-0.03636170839730854,0.19803806723955494,0.0870178934072321,true,0.004975124378109453,0.16972398429752644,0.1851294880022922,0.5190102641620026,0.0004997501249375312,true,0.0003093742697214078,0.012699409866182681,COLLAPSED_AS_EXPECTED,25.726023981948906
DYDXUSDT,H4,DESIGN,362,-0.005724786043657569,-0.004361416503334003,0.14656471099265667,0.08655843613391014,false,0.5124378109452736,0.005646492533548998,0.09129901076656403,-0.986323766598175,0.5782108945527237,false,0.001953037301432061,0.05391144704299623,COLLAPSED_AS_EXPECTED,-0.14241545657207647
DYDXUSDT,H4,CONFIRM,1605,0.30120170308997246,-0.0456686270814545,0.2672936286064555,0.1154766923917239,true,0.029850746268656716,0.2123689331445024,0.23856913901408058,0.7050721525338298,0.0004997501249375312,true,0.0006395078204222053,0.024471923653713982,COLLAPSED_AS_EXPECTED,12.2819194568685
DYDXUSDT,D1,DESIGN,65,-0.14488636363636365,-0.00743006993006993,0.16519449300699177,0.11761655639505732,false,0.8557213930348259,-0.04055944055944056,0.14908435314685317,0.27993966817496224,0.8190904547726137,false,0.0014423076923076922,0.12597070470787425,COLLAPSED_AS_EXPECTED,-1.1616087380634026
DYDXUSDT,D1,CONFIRM,265,0.3152245966545867,-0.009479100839577502,0.18810817782019365,0.08404531791628356,true,0.004975124378109453,0.10688782419169707,0.19715314228968644,0.3390846568639484,0.0009995002498750624,true,-0.004550290821393105,0.06056988464421656,COLLAPSED_AS_EXPECTED,5.279436957067296
GALAUSDT,H1,DESIGN,2010,0.2948855860438266,-0.026995005483951187,0.17081362119089002,0.1019775422326478,true,0.004975124378109453,0.12228259175512807,0.15270146221068398,0.41467809056273824,0.0004997501249375312,true,0.000021710004408677478,0.02200060991113231,COLLAPSED_AS_EXPECTED,13.402531894818823
GALAUSDT,H1,CONFIRM,6827,0.3257246142810152,-0.024330614065644844,0.14053044401929338,0.06432081449477123,true,0.004975124378109453,0.1103872880309146,0.126887856565783,0.33889759382961226,0.0004997501249375312,true,0.0007340812193305578,0.012065744152454518,COLLAPSED_AS_EXPECTED,26.93497632266405
GALAUSDT,H4,DESIGN,504,0.25054531394629515,-0.017630763102088658,0.22422588665364598,0.12663511266383215,true,0.05472636815920398,0.11675131518823996,0.1769157506239283,0.46598881994362834,0.0004997501249375312,true,-0.0006421164864263906,0.04427224107428937,COLLAPSED_AS_EXPECTED,5.673700367036443
GALAUSDT,H4,CONFIRM,1715,0.2885175484915379,-0.03269792054908071,0.20844744082729974,0.08693866327071931,true,0.009950248756218905,0.14452880706188018,0.17336460079013538,0.5009359320343704,0.0004997501249375312,true,-0.0004415781848526695,0.02397481426224799,COLLAPSED_AS_EXPECTED,12.05261169140321
GALAUSDT,D1,DESIGN,87,0.09141940657578188,-0.012356929357731283,0.21467886564117522,0.16351906400278524,false,0.31840796019900497,0.1415032441495954,0.28751366916964355,1.5478468899521531,0.7066466766616691,false,0.0003645111904935482,0.10912696272449544,LIVE_INSIDE_DESTROYED_NULL,0.8343941140849646
GALAUSDT,D1,CONFIRM,286,0.2864875817379027,-0.023756731073804244,0.20560569084317482,0.10528562660665727,true,0.009950248756218905,0.17140523148225328,0.25307916730253055,0.5982989923768,0.008995502248875561,true,-0.0033848051819810486,0.06041236232350119,COLLAPSED_AS_EXPECTED,4.7982296300159675
OPUSDT,H1,DESIGN,2358,0.32486978591792487,-0.017299658332237018,0.24572277319000357,0.12423066749733415,true,0.004975124378109453,0.12214748714661816,0.1502840088765812,0.3759890652849986,0.0004997501249375312,true,0.0011774626486014727,0.020667766595668158,COLLAPSED_AS_EXPECTED,15.6616982183826
OPUSDT,H1,CONFIRM,6986,0.3231050615441644,-0.010221325239405362,0.11593305609178096,0.0626573328131042,true,0.004975124378109453,0.11891511839356365,0.13455183324415898,0.36803855013985737,0.0004997501249375312,true,0.0001537624308250345,0.011860748729210096,COLLAPSED_AS_EXPECTED,27.228576077831413
OPUSDT,H4,DESIGN,591,0.24814019511843063,-0.029638461915541148,0.23806668188869767,0.1502302493308301,true,0.05472636815920398,0.15668365723896202,0.2062127080016775,0.6314319901464619,0.004997501249375313,true,0.0006719551964760458,0.041492094634586876,COLLAPSED_AS_EXPECTED,5.96422624843024
OPUSDT,H4,CONFIRM,1746,0.28831698466941585,-0.023988732590665758,0.19011724107390437,0.0915062319040519,true,0.009950248756218905,0.16633960884486992,0.1936927972214019,0.5769330899308442,0.0004997501249375312,true,0.00010331321761075367,0.02356683145033563,COLLAPSED_AS_EXPECTED,12.229631805157263
OPUSDT,D1,DESIGN,96,0.09309549647314162,-0.020442213781877376,0.21758681497558333,0.14566782204195602,false,0.2835820895522388,0.115735214324471,0.26227685838307113,1.2431881101559086,0.6071964017991005,false,0.0009902333152468803,0.10237104505002256,LIVE_INSIDE_DESTROYED_NULL,0.8997198681803869
OPUSDT,D1,CONFIRM,288,0.13502294748602453,-0.003037728721330713,0.10964055636601842,0.06819094691451506,true,0.024875621890547265,0.11529202785848916,0.2009701943905252,0.8538698791953301,0.3583208395802099,false,-0.0001660276736232513,0.0594502067454798,LIVE_INSIDE_DESTROYED_NULL,2.273986627808097
