symbol,clock,band,n,ic_pooled,ic_within_month,n_wm,ic_within_day,n_wd,ic_within_hod
BTCUSDT,H1,DESIGN,2433,0.414454935580622,0.3580476067843463,2433,0.046635167186805944,2422,0.40873947121522985
BTCUSDT,H1,CONFIRM,7005,0.36549243640517437,0.30353209790056873,7005,0.09399701372427975,7005,0.352946482860223
BTCUSDT,H4,DESIGN,608,0.30583978048426186,0.22629350328199513,608,-0.14514285714285716,600,NaN
BTCUSDT,H4,CONFIRM,1749,0.3035540779759077,0.23321307744286604,1749,-0.054884634266077564,1746,NaN
BTCUSDT,D1,DESIGN,101,0.24926033779848572,0.17160649326627506,88,NaN,0,NaN
BTCUSDT,D1,CONFIRM,289,0.2379961619536253,0.19752220663861622,275,NaN,0,NaN
ETHUSDT,H1,DESIGN,2433,0.30956671733423213,0.2678592585367818,2433,0.06020929304310755,2422,0.2964873330289026
ETHUSDT,H1,CONFIRM,7000,0.3257064098645748,0.24405066352485688,7000,0.07141278390862049,7000,0.31321689368184236
ETHUSDT,H4,DESIGN,608,0.19794547844322344,0.15840041745910532,608,-0.08514285714285715,600,NaN
ETHUSDT,H4,CONFIRM,1748,0.29241169759020624,0.17420111463216081,1748,-0.10916256157635468,1740,NaN
ETHUSDT,D1,DESIGN,101,0.15984857309260336,0.0489813534390882,88,NaN,0,NaN
ETHUSDT,D1,CONFIRM,288,0.2727179106936893,0.15002217249618546,274,NaN,0,NaN
SOLUSDT,H1,DESIGN,2442,0.2829042611097796,0.20997906599497626,2442,0.014918323752939529,2442,0.28148359962995595
SOLUSDT,H1,CONFIRM,7005,0.34302902572556476,0.2535726146463851,7005,0.006195219391896862,7005,0.34205696529456747
SOLUSDT,H4,DESIGN,611,0.2607904422761929,0.17642066315409405,611,-0.025158673717489775,600,NaN
SOLUSDT,H4,CONFIRM,1749,0.3086404230660135,0.20300720096782787,1749,-0.1159931099921605,1746,NaN
SOLUSDT,D1,DESIGN,101,0.07715783343040186,-0.07204072824641294,88,NaN,0,NaN
SOLUSDT,D1,CONFIRM,289,0.13004862188283023,0.035296867695184676,275,NaN,0,NaN
AVAXUSDT,H1,DESIGN,2187,0.2540693149331211,0.20373342167886388,2187,0.02583108156913997,2063,0.2462731135026832
AVAXUSDT,H1,CONFIRM,6483,0.3705699077108809,0.24236630659392683,6483,0.06287117502949263,6363,0.3686152221030764
AVAXUSDT,H4,DESIGN,555,0.17346143820479665,0.13967391967191142,555,-0.06742857142857142,450,NaN
AVAXUSDT,H4,CONFIRM,1626,0.3170832822454935,0.17718114441475538,1626,-0.12990302522515876,1338,NaN
AVAXUSDT,D1,DESIGN,91,0.08991877687529862,-0.05007208410984914,80,NaN,0,NaN
AVAXUSDT,D1,CONFIRM,272,0.18990988390814736,0.12788076603087006,258,NaN,0,NaN
DOGEUSDT,H1,DESIGN,2217,0.24361783609041934,0.22093202980822918,2217,-0.012203101177623528,2205,0.24447633131594546
DOGEUSDT,H1,CONFIRM,6931,0.3846825079341251,0.27857014845735506,6931,0.017647901202848745,6931,0.38346493953826055
DOGEUSDT,H4,DESIGN,554,0.20160665260698754,0.19106304408130198,554,-0.059968602825745676,546,NaN
DOGEUSDT,H4,CONFIRM,1734,0.36708173912952746,0.21843890856546916,1734,-0.11366906474820143,1668,NaN
DOGEUSDT,D1,DESIGN,91,0.105303392259914,0.0615063461724785,88,NaN,0,NaN
DOGEUSDT,D1,CONFIRM,286,0.3736869515192094,0.21212999879183284,272,NaN,0,NaN
XRPUSDT,H1,DESIGN,2426,0.2958913044697159,0.24250181936049464,2426,-0.0013555606419787458,2416,0.2948376781452393
XRPUSDT,H1,CONFIRM,7002,0.3509158068799034,0.3040119048517642,7002,0.004434152982353604,7002,0.35392495932032275
XRPUSDT,H4,DESIGN,606,0.1719764611669524,0.057623641324357114,606,-0.16652236652236652,594,NaN
XRPUSDT,H4,CONFIRM,1748,0.2573762251768437,0.22372426305512902,1748,-0.10817733990147782,1740,NaN
XRPUSDT,D1,DESIGN,101,0.11788619069994857,0.16780143218271343,88,NaN,0,NaN
XRPUSDT,D1,CONFIRM,289,0.1342739529889035,0.062739597942964,275,NaN,0,NaN
LINKUSDT,H1,DESIGN,2364,0.2531865696730747,0.2061331000579396,2364,0.026323473124264064,2358,0.24495686736723554
LINKUSDT,H1,CONFIRM,6866,0.3323785917431335,0.23712962082860456,6866,0.031041558171000898,6866,0.32800750906403797
LINKUSDT,H4,DESIGN,592,0.1610969752879444,0.12882776844223284,592,-0.03986710963455149,516,NaN
LINKUSDT,H4,CONFIRM,1726,0.2859612664876285,0.17005971425775115,1726,-0.09142857142857144,1620,NaN
LINKUSDT,D1,DESIGN,98,0.026515948459983802,0.011409200262448056,87,NaN,0,NaN
LINKUSDT,D1,CONFIRM,285,0.22735232875846179,0.13181682773659067,271,NaN,0,NaN
ADAUSDT,H1,DESIGN,2376,0.2677870562761974,0.21368144297574715,2376,0.05729092660140709,2376,0.2642096909838979
ADAUSDT,H1,CONFIRM,6896,0.3772623075842805,0.2633310763383094,6896,0.05007965199649697,6896,0.37050375862755597
ADAUSDT,H4,DESIGN,597,0.2178143469113028,0.1275219063441668,597,-0.1436004750386404,510,NaN
ADAUSDT,H4,CONFIRM,1723,0.3406905444496529,0.19429300673555486,1723,-0.1735594524955915,1614,NaN
ADAUSDT,D1,DESIGN,99,0.19860235003092144,0.09578844085514274,86,NaN,0,NaN
ADAUSDT,D1,CONFIRM,284,0.2229716030982248,0.14047940469526848,270,NaN,0,NaN
1000LUNCUSDT,H1,DESIGN,1019,0.2013555060403022,0.18967154347902482,1019,-0.01772087285491808,783,0.19283136264221024
1000LUNCUSDT,H1,CONFIRM,3662,0.3167616294428402,0.2373845923125136,3662,0.004151848449133785,2711,0.32058652030910995
1000LUNCUSDT,H4,DESIGN,251,0.09682831216061581,0.0417060172757671,251,-0.21871057186226414,102,NaN
1000LUNCUSDT,H4,CONFIRM,856,0.27689161735799706,0.1342707193608095,856,-0.1250463821892393,462,NaN
1000LUNCUSDT,D1,DESIGN,53,0.03386550556361877,0.10357743097238895,50,NaN,0,NaN
1000LUNCUSDT,D1,CONFIRM,174,0.17099699364847648,0.10680760413461103,136,NaN,0,NaN
MATICUSDT,H1,DESIGN,7852,0.40269572013228316,0.2519669394851011,7852,0.006236533227592358,7852,0.4013153633869687
MATICUSDT,H1,CONFIRM,6961,0.33821993783192367,0.25144506252030746,6961,0.024418190346962375,6961,0.33532890530136017
MATICUSDT,H4,DESIGN,1968,0.3547475260613576,0.15283347989565063,1968,-0.12014196983141084,1932,NaN
MATICUSDT,H4,CONFIRM,1739,0.29819517253508715,0.18275415808649154,1739,-0.12333502796136248,1686,NaN
MATICUSDT,D1,DESIGN,327,0.25695351351518414,0.07285858206201529,327,NaN,0,NaN
MATICUSDT,D1,CONFIRM,283,0.19631903139761808,0.027635662786095052,269,NaN,0,NaN
INJUSDT,H1,DESIGN,1212,0.15972128049945533,0.16347039784119302,1212,-0.00046769004958552074,968,0.15550252739950018
INJUSDT,H1,CONFIRM,6931,0.3561750449817207,0.20349564840049805,6931,0.018467745858461938,6917,0.3558066552549883
INJUSDT,H4,DESIGN,293,-0.004244981923762071,-0.02291278847319002,293,-0.09783549783549782,198,NaN
INJUSDT,H4,CONFIRM,1733,0.35678189099491914,0.10795346313682318,1733,-0.1259412068076328,1662,NaN
INJUSDT,D1,DESIGN,41,0.04407665505226482,0.15470383275261326,41,NaN,0,NaN
INJUSDT,D1,CONFIRM,286,-0.2164503019445253,0.01312069590431316,272,NaN,0,NaN
BNBUSDT,H1,DESIGN,2328,0.3303549273603149,0.2989106318843185,2328,0.0727720124079483,2314,0.32612446353483904
BNBUSDT,H1,CONFIRM,6453,0.3263345546615591,0.24161510988008914,6453,0.015166945874785193,6348,0.3246816614718469
BNBUSDT,H4,DESIGN,587,0.25901776205388555,0.2189592483836981,587,-0.06914930530360378,546,NaN
BNBUSDT,H4,CONFIRM,1634,0.31418681983603547,0.197512980891007,1634,-0.08835657866431632,1284,NaN
BNBUSDT,D1,DESIGN,100,0.17156915691569155,0.17289246298433056,88,NaN,0,NaN
BNBUSDT,D1,CONFIRM,265,0.17160402236424574,0.09328833769228609,252,NaN,0,NaN
DYDXUSDT,H1,DESIGN,1480,0.1785785539155977,0.17094248918949329,1480,0.015920216673773423,1165,0.1836805975219139
DYDXUSDT,H1,CONFIRM,6351,0.32701469704373554,0.21533806186709148,6351,0.04083333761584949,6185,0.32513647917735466
DYDXUSDT,H4,DESIGN,362,-0.005724786043657569,0.000890180411631374,350,-0.10061638802455664,228,NaN
DYDXUSDT,H4,CONFIRM,1605,0.30120170308997246,0.1338483017686405,1605,-0.22628798890806173,1224,NaN
DYDXUSDT,D1,DESIGN,65,-0.14488636363636365,-0.14069055944055942,65,NaN,0,NaN
DYDXUSDT,D1,CONFIRM,265,0.3152245966545868,0.26907391947785836,251,NaN,0,NaN
GALAUSDT,H1,DESIGN,2010,0.29488558604382664,0.20824251329364246,2010,0.031605133945695627,1837,0.2962047752400328
GALAUSDT,H1,CONFIRM,6827,0.3257246142810153,0.2524876670112384,6827,0.00694300498014403,6806,0.32701508540137847
GALAUSDT,H4,DESIGN,504,0.2505453139462952,0.15083298786950466,504,-0.14285714285714288,396,NaN
GALAUSDT,H4,CONFIRM,1715,0.2885175484915379,0.1752282305877263,1715,-0.19718159387678852,1602,NaN
GALAUSDT,D1,DESIGN,87,0.09141940657578186,-0.0609827572059875,80,NaN,0,NaN
GALAUSDT,D1,CONFIRM,286,0.2864875817379026,0.15801244880961576,272,NaN,0,NaN
OPUSDT,H1,DESIGN,2358,0.3248697859179248,0.24498405091782158,2358,0.030020239443673023,2341,0.31806625521899495
OPUSDT,H1,CONFIRM,6986,0.3231050615441644,0.2592227802121629,6986,0.03288761522652685,6986,0.31831944887575825
OPUSDT,H4,DESIGN,591,0.2481401951184307,0.1023218832128256,591,-0.12126984126984129,540,NaN
OPUSDT,H4,CONFIRM,1746,0.2883169846694158,0.16671269140760397,1746,-0.09841269841269842,1728,NaN
OPUSDT,D1,DESIGN,96,0.09309549647314162,0.028122038346577234,87,NaN,0,NaN
OPUSDT,D1,CONFIRM,288,0.13502294748602456,0.0424199456457521,274,NaN,0,NaN
